id,gene_symbol,entrez_id,interaction_claim_source,interaction_types,drug_primary_name,drug_chembl_id,compound_id
211780,NAT1,9,ChemblInteractions,inhibitor,AMOXAPINE,CHEMBL1113,2742
211803,NAT1,9,NCI,,ASPIRIN,CHEMBL25,2688
211814,NAT1,9,ChemblInteractions,inhibitor,NORTRIPTYLINE HYDROCHLORIDE,CHEMBL1201156,2813
211842,NAT1,9,NCI,,ACETYLSALICYLIC ACID,CHEMBL25,2688
211848,NAT2,10,NCI,,ETHANOL,CHEMBL545,2687
211851,NAT2,10,NCI,,ASPIRIN,CHEMBL25,2688
211853,NAT2,10,NCI,,BUTYLATED HYDROXYTOLUENE,CHEMBL146,2784
211874,SERPINA3,12,GuideToPharmacologyInteractions,antagonist,METERGOLINE,CHEMBL19215,2798
211899,SERPINA3,12,GuideToPharmacologyInteractions,antagonist,MIANSERIN,CHEMBL6437,2747
211914,AANAT,15,NCI,,MELATONIN,CHEMBL45,2802
211928,ABAT,18,TEND,,VALPROIC ACID,CHEMBL109,2736
211932,ABAT,18,TdgClinicalTrial,,VALPROIC ACID,CHEMBL109,2736
211941,ABL1,25,NCI,,GENISTEIN,CHEMBL44,2777
212020,ABL1,25,NCI,,QUERCETIN,CHEMBL50,2835
212022,ABL1,25,CGI,,Trametinib,CHEMBL2103875,2922
212031,ABL1,25,NCI,,CELECOXIB,CHEMBL118,2831
212054,ACACB,32,TTD,activator,METFORMIN,CHEMBL1431,2696
212057,ACADSB,36,TdgClinicalTrial,,VALPROIC ACID,CHEMBL109,2736
212160,ACO1,48,NCI,,N-ACETYLCYSTEINE,CHEMBL600,2761
212230,ADARB2,105,GuideToPharmacologyInteractions,agonist,ACETIC ACID,CHEMBL539,2796
212273,ADH4,127,NCI,,ETHANOL,CHEMBL545,2687
212283,ADM,133,NCI,,PD-98059,CHEMBL35482,2780
212292,ADORA1,134,TTD,antagonist,CAFFEINE,CHEMBL113,2694
212319,ADORA1,134,ChemblInteractions,antagonist,CAFFEINE,CHEMBL113,2694
212323,ADORA1,134,TEND,,CAFFEINE,CHEMBL113,2694
212371,ADORA1,134,TdgClinicalTrial,,CAFFEINE,CHEMBL113,2694
212394,ADORA1,134,GuideToPharmacologyInteractions,antagonist,CAFFEINE,CHEMBL113,2694
212421,ADORA2A,135,ChemblInteractions,antagonist,CAFFEINE,CHEMBL113,2694
212429,ADORA2A,135,GuideToPharmacologyInteractions,antagonist,CAFFEINE,CHEMBL113,2694
212452,ADORA2A,135,TTD,antagonist,CAFFEINE,CHEMBL113,2694
212523,ADORA2A,135,TEND,,CAFFEINE,CHEMBL113,2694
212536,ADORA2B,136,ChemblInteractions,antagonist,CAFFEINE,CHEMBL113,2694
212591,ADORA2B,136,GuideToPharmacologyInteractions,antagonist,CAFFEINE,CHEMBL113,2694
212626,ADORA2B,136,TdgClinicalTrial,,CAFFEINE,CHEMBL113,2694
212641,ADORA3,140,ChemblInteractions,antagonist,CAFFEINE,CHEMBL113,2694
212681,ADORA3,140,GuideToPharmacologyInteractions,antagonist,CAFFEINE,CHEMBL113,2694
212740,PARP1,142,TTD,binder,NICOTINAMIDE,CHEMBL1140,2962
212799,ADRA1D,146,NCI,,METOPROLOL SUCCINATE,CHEMBL1200337,2937
212801,ADRA1D,146,NCI,,CYPROTERONE ACETATE,CHEMBL139835,2797
212865,ADRA1B,147,ChemblInteractions,antagonist,DOXAZOSIN MESYLATE,CHEMBL1200561,2879
212884,ADRA1B,147,GuideToPharmacologyInteractions,antagonist,MIANSERIN,CHEMBL6437,2747
212953,ADRA1A,148,GuideToPharmacologyInteractions,antagonist,MIANSERIN,CHEMBL6437,2747
213073,ADRA1A,148,ChemblInteractions,antagonist,DOXAZOSIN MESYLATE,CHEMBL1200561,2879
213146,ADRA1A,148,ChemblInteractions,antagonist,DOXAZOSIN MESYLATE,CHEMBL1200561,2879
213162,ADRA2A,150,TEND,,MIANSERIN,CHEMBL6437,2747
213201,ADRA2A,150,TdgClinicalTrial,,MIANSERIN,CHEMBL6437,2747
213227,ADRA2A,150,TTD,agonist,CONNEXYN,CHEMBL1200494,2880
213247,ADRA2A,150,ChemblInteractions,agonist,GUANABENZ ACETATE,CHEMBL1200560,2917
213253,ADRA2A,150,ChemblInteractions,agonist,GUANFACINE HYDROCHLORIDE,CHEMBL1200494,2880
213328,ADRA2B,151,ChemblInteractions,agonist,GUANABENZ ACETATE,CHEMBL1200560,2917
213361,ADRA2B,151,ChemblInteractions,agonist,GUANFACINE HYDROCHLORIDE,CHEMBL1200494,2880
213387,ADRA2C,152,ChemblInteractions,agonist,GUANFACINE HYDROCHLORIDE,CHEMBL1200494,2880
213407,ADRA2C,152,ChemblInteractions,agonist,GUANABENZ ACETATE,CHEMBL1200560,2917
213433,ADRB1,153,TTD,antagonist,METOPROLOL,,2937
213441,ADRB1,153,TdgClinicalTrial,,NEBIVOLOL,CHEMBL434394,2963
213471,ADRB1,153,TTD,antagonist,NEBIVOLOL,CHEMBL434394,2963
213502,ADRB1,153,TdgClinicalTrial,,METOPROLOL,CHEMBL13,2937
213507,ADRB1,153,TEND,,NEBIVOLOL,CHEMBL434394,2963
213508,ADRB1,153,TEND,,METOPROLOL,CHEMBL13,2937
213520,ADRB1,153,ChemblInteractions,antagonist,METOPROLOL SUCCINATE,CHEMBL1200337,2937
213664,ADRB2,154,GuideToPharmacologyInteractions,antagonist,METOPROLOL,CHEMBL13,2937
213805,AFP,174,NCI,,FOLIC ACID,CHEMBL1622,2782
213808,AFP,174,NCI,,NDGA,,2700
213809,AFP,174,NCI,,ASPIRIN,CHEMBL25,2688
213814,AFP,174,NCI,,NORDIHYDROGUAIARETIC ACID,CHEMBL52,2700
213819,AFP,174,NCI,,PEP,,2920
213834,AGT,183,NCI,,CYCLOSPORIN A,CHEMBL160,2839
213922,AGTR1,185,NCI,,GENISTEIN,CHEMBL44,2777
213928,AGTR1,185,NCI,,ASCORBIC ACID,CHEMBL196,3196
213993,AKT1,207,CKB,,Sirolimus,CHEMBL413,2819
214019,AKT1,207,NCI,,WORTMANNIN,CHEMBL428496,2973
214022,AKT1,207,CKB,,Everolimus,CHEMBL1908360,2855
214076,AKT1,207,MyCancerGenomeClinicalTrial,inhibitor,EVEROLIMUS,CHEMBL1908360,2855
214080,AKT1,207,CGI,,Everolimus,CHEMBL1908360,2855
214108,AKT2,208,MyCancerGenomeClinicalTrial,inhibitor,EVEROLIMUS,CHEMBL1908360,2855
214140,ALDH2,217,NCI,,ETHANOL,CHEMBL545,2687
214143,ALDH3A1,218,NCI,,ETHANOL,CHEMBL545,2687
214272,ALOX5,240,NCI,,NDGA,,2700
214286,ALOX5,240,NCI,,MELATONIN,CHEMBL45,2802
214344,AMY2A,279,TEND,,ACARBOSE,CHEMBL1566,2807
214345,AMY2A,279,TdgClinicalTrial,,ACARBOSE,CHEMBL1566,2807
214346,AMY2A,279,ChemblInteractions,inhibitor,ACARBOSE,CHEMBL1566,2807
214383,ANPEP,290,NCI,,CYCLOSPORINE,CHEMBL160,2839
214385,ANPEP,290,NCI,,CURCUMIN,CHEMBL116438,2715
214393,SLC25A5,292,NCI,,TRICHOSTATIN A,CHEMBL99,2778
214421,ANXA1,301,NCI,,STAUROSPORINE,CHEMBL388978,2737
214510,APC,324,CKB,,Celecoxib,CHEMBL118,2831
214530,APC,324,CKB,,Sirolimus,CHEMBL413,2819
214626,BIRC5,332,NCI,,PD-98059,CHEMBL35482,2780
214637,BIRC5,332,NCI,,STAUROSPORINE,CHEMBL388978,2737
214667,BIRC5,332,NCI,,GENISTEIN,CHEMBL44,2777
214675,BIRC5,332,NCI,,RESVERATROL,CHEMBL165,2699
214693,APOA1,335,NCI,,ETHANOL,CHEMBL545,2687
214696,APOB,338,NCI,,ETHANOL,CHEMBL545,2687
214700,APOB,338,NCI,,QUERCETIN,CHEMBL50,2835
214701,APOB,338,NCI,,EPIGALLOCATECHIN GALLATE,CHEMBL297453,2821
214704,APOB,338,NCI,,ALPHA-TOCOPHEROL,CHEMBL47,2791
214707,APOB,338,NCI,,EGCG,CHEMBL297453,2821
214710,APOB,338,NCI,,FENOFIBRATE,CHEMBL672,2833
214725,APOE,348,NCI,,VITAMIN E,CHEMBL47,2791
214741,APOE,348,NCI,,STAUROSPORINE,CHEMBL388978,2737
214742,APOE,348,NCI,,LUTEIN,CHEMBL173929,2926
214750,APP,351,TdgClinicalTrial,,SCYLLO-INOSITOL,CHEMBL468154,2853
214795,KLK3,354,NCI,,VITAMIN E,CHEMBL47,2791
214803,KLK3,354,NCI,,GENISTEIN,CHEMBL44,2777
214812,FAS,355,NCI,,VALPROIC ACID,CHEMBL109,2736
214813,FAS,355,NCI,,CHOLECALCIFEROL,CHEMBL1042,2801
214818,FAS,355,NCI,,ASPIRIN,CHEMBL25,2688
214846,AQP1,358,NCI,,DIMETHYL SULFOXIDE,CHEMBL504,2768
214898,AR,367,ChemblInteractions,agonist,DANAZOL,CHEMBL1479,2906
214915,AR,367,GuideToPharmacologyInteractions,antagonist,CYPROTERONE ACETATE,CHEMBL139835,2797
214981,AR,367,CIViC,,CYPROTERONE ACETATE,CHEMBL139835,2797
215007,ARAF,369,CIViC,,TRAMETINIB,CHEMBL2103875,2922
215033,ARSB,411,NCI,,ASCORBIC ACID,CHEMBL196,3196
215045,STS,412,NCI,,DANAZOL,CHEMBL1479,2906
215111,ATF4,468,NCI,,VITAMIN E,CHEMBL47,2791
215112,ATIC,471,NCI,,FOLIC ACID,CHEMBL1622,2782
215136,ATM,472,CKB,,Valproic Acid,CHEMBL109,2736
215142,ATM,472,CKB,,Everolimus,CHEMBL1908360,2855
215150,ATM,472,CIViC,,TRAMETINIB,CHEMBL2103875,2922
215551,BAX,581,NCI,,MELATONIN,CHEMBL45,2802
215561,BAX,581,NCI,,QUERCETIN,CHEMBL50,2835
215584,BAX,581,NCI,,RAPAMYCIN,CHEMBL413,2819
215642,CCND1,595,NCI,,ACETAMINOPHEN,CHEMBL112,2716
215653,CCND1,595,NCI,,ALPHA-TOCOPHEROL,CHEMBL47,2791
215686,BCL2,596,NCI,,VALPROIC ACID,CHEMBL109,2736
215687,BCL2,596,NCI,,PHENYLBUTYRATE,CHEMBL1469,2724
215692,BCL2,596,NCI,,ALPHA-TOCOPHEROL,CHEMBL47,2791
215736,BCL2,596,NCI,,NDGA,,2700
215862,BDNF,627,NCI,,CURCUMIN,CHEMBL116438,2715
215900,BDNF,627,NCI,,SIMVASTATIN,CHEMBL1064,2790
215906,BDNF,627,NCI,,TRICHOSTATIN A,CHEMBL99,2778
215909,BDNF,627,NCI,,INOSITOL,CHEMBL1222251,2853
215940,BGLAP,632,NCI,,RESVERATROL,CHEMBL165,2699
215945,BGLAP,632,NCI,,PD-98059,CHEMBL35482,2780
215957,BGLAP,632,NCI,,MELATONIN,CHEMBL45,2802
215966,BGLAP,632,NCI,,GENISTEIN,CHEMBL44,2777
215969,BGLAP,632,NCI,,CELECOXIB,CHEMBL118,2831
215973,BGLAP,632,NCI,,VITAMIN D,,2801
215979,BHMT,635,ChemblInteractions,,BETAINE HYDROCHLORIDE,CHEMBL1201130,2942
215998,BLM,641,NCI,,TRICHOSTATIN A,CHEMBL99,2778
216105,BRCA1,672,CKB,,Everolimus,CHEMBL1908360,2855
216125,BRAF,673,CKB,,Trametinib,CHEMBL2103875,2922
216151,BRAF,673,CKB,,Everolimus,CHEMBL1908360,2855
216154,BRAF,673,CKB,,LY294002,CHEMBL98350,2815
216185,BRAF,673,FDA,,Trametinib,CHEMBL2103875,2922
216187,BRAF,673,OncoKB,,Trametinib,CHEMBL2103875,2922
216219,BRAF,673,DoCM,,TRAMETINIB,CHEMBL2103875,2922
216353,BRAF,673,CGI,,Trametinib,CHEMBL2103875,2922
216360,BRAF,673,CIViC,,TRAMETINIB,CHEMBL2103875,2922
216365,BRAF,673,ClearityFoundationBiomarkers,,TRAMETINIB,CHEMBL2103875,2922
216394,BRCA2,675,CKB,,Everolimus,CHEMBL1908360,2855
216465,BTK,695,GuideToPharmacologyInteractions,inhibitor,LFM-A13,CHEMBL228043,3092
216614,CA1,759,GuideToPharmacologyInteractions,inhibitor,GALLIC ACID,CHEMBL288114,2935
216718,CA12,771,GuideToPharmacologyInteractions,inhibitor,CELECOXIB,CHEMBL118,2831
216797,CACNA1C,775,ChemblInteractions,blocker,NICARDIPINE HYDROCHLORIDE,CHEMBL1200326,2799
216826,CACNA1D,776,ChemblInteractions,blocker,NICARDIPINE HYDROCHLORIDE,CHEMBL1200326,2799
216835,CACNA1D,776,GuideToPharmacologyInteractions,gating inhibitor,NITRENDIPINE,CHEMBL475534,2787
216865,CACNA1F,778,ChemblInteractions,blocker,NICARDIPINE HYDROCHLORIDE,CHEMBL1200326,2799
216873,CACNA1F,778,GuideToPharmacologyInteractions,gating inhibitor,NITRENDIPINE,CHEMBL475534,2787
216902,CACNA1S,779,ChemblInteractions,blocker,NICARDIPINE HYDROCHLORIDE,CHEMBL1200326,2799
216947,CACNA2D1,781,TTD,blocker,NITRENDIPINE,CHEMBL475534,2787
216999,CACNG1,786,TEND,,NITRENDIPINE,CHEMBL475534,2787
217001,CACNG1,786,TdgClinicalTrial,,NITRENDIPINE,CHEMBL475534,2787
217050,CAMK2B,816,GuideToPharmacologyInteractions,inhibitor,STAUROSPORINE,CHEMBL388978,2737
217052,CAMK2B,816,NCI,,CAFFEINE,CHEMBL113,2694
217053,CAMK2B,816,NCI,,ETHANOL,CHEMBL545,2687
217062,CAMLG,819,TdgClinicalTrial,,CYCLOSPORINE A,CHEMBL160,2839
217063,CAMLG,819,TdgClinicalTrial,,CYCLOSPORINE,CHEMBL160,2839
217066,CAST,831,NCI,,STAUROSPORINE,CHEMBL388978,2737
217132,CASR,846,GuideToPharmacologyInteractions,allosteric modulator,L-TRYPTOPHAN,CHEMBL54976,2896
217133,CASR,846,GuideToPharmacologyInteractions,agonist,SPERMINE,CHEMBL23194,2985
217145,CASR,846,NCI,,VITAMIN D,,2801
217153,CAV1,857,NCI,,ETHANOL,CHEMBL545,2687
217183,CBL,867,CKB,,Fasudil,CHEMBL38380,2888
217194,CBLB,868,CKB,,Fasudil,CHEMBL38380,2888
217246,CCKBR,887,NCI,,MORPHINE,CHEMBL70,2975
217261,CCKBR,887,NCI,,INOSITOL,CHEMBL1222251,2853
217282,CCNA2,890,NCI,,GENISTEIN,CHEMBL44,2777
217387,CD5,921,NCI,,INOSITOL,CHEMBL1222251,2853
217496,CD28,940,NCI,,GELDANAMYCIN,CHEMBL278315,2978
217575,CD34,947,NCI,,QUERCETIN,CHEMBL50,2835
217618,CD40LG,959,NCI,,FENOFIBRATE,CHEMBL672,2833
217716,CDC25C,995,NCI,,QUERCETIN,CHEMBL50,2835
217797,CDK2,1017,NCI,,RESVERATROL,CHEMBL165,2699
217810,CDK2,1017,NCI,,ACETAMINOPHEN,CHEMBL112,2716
217914,CDK4,1019,NCI,,VITAMIN C,CHEMBL196,3196
218084,CDKN1A,1026,NCI,,APAP,CHEMBL112,2716
218102,CDKN1B,1027,NCI,,PD-98059,CHEMBL35482,2780
218127,CDKN2A,1029,CKB,,Trametinib,CHEMBL2103875,2922
218151,CDKN2D,1032,NCI,,TRICHOSTATIN A,CHEMBL99,2778
218168,CEACAM5,1048,NCI,,GENISTEIN,CHEMBL44,2777
218176,CEACAM5,1048,NCI,,CALCIUM GLUCONATE,CHEMBL2106119,2982
218180,CEL,1056,NCI,,GENISTEIN,CHEMBL44,2777
218181,CEL,1056,NCI,,RESVERATROL,CHEMBL165,2699
218182,CEL,1056,NCI,,SIMVASTATIN,CHEMBL1064,2790
218183,CEL,1056,NCI,,GELDANAMYCIN,CHEMBL278315,2978
218204,CTSC,1075,NCI,,CALCIUM GLUCONATE,CHEMBL2106119,2982
218213,CFTR,1080,NCI,,GENISTEIN,CHEMBL44,2777
218218,CFTR,1080,GuideToPharmacologyInteractions,activator,GENISTEIN,CHEMBL44,2777
218253,CHAT,1103,NCI,,ETHANOL,CHEMBL545,2687
218318,CHRM1,1128,GuideToPharmacologyInteractions,allosteric modulator,STAUROSPORINE,CHEMBL388978,2737
218528,CHRM1,1128,GuideToPharmacologyInteractions,antagonist,HEXAHYDROSILADIFENIDOL,CHEMBL580785,2881
218648,CHRM2,1129,GuideToPharmacologyInteractions,antagonist,HEXAHYDROSILADIFENIDOL,CHEMBL580785,2881
218673,CHRM2,1129,GuideToPharmacologyInteractions,allosteric modulator,STAUROSPORINE,CHEMBL388978,2737
218808,CHRM3,1131,GuideToPharmacologyInteractions,antagonist,HEXAHYDROSILADIFENIDOL,CHEMBL580785,2881
218953,CHRM4,1132,GuideToPharmacologyInteractions,antagonist,HEXAHYDROSILADIFENIDOL,CHEMBL580785,2881
219007,CHRM4,1132,GuideToPharmacologyInteractions,allosteric modulator,STAUROSPORINE,CHEMBL388978,2737
219049,CHRM5,1133,GuideToPharmacologyInteractions,antagonist,HEXAHYDROSILADIFENIDOL,CHEMBL580785,2881
219099,CHRNA1,1134,ChemblInteractions,antagonist,TUBOCURARINE CHLORIDE,CHEMBL1687,2739
219357,CHRNB1,1140,ChemblInteractions,antagonist,TUBOCURARINE CHLORIDE,CHEMBL1687,2739
219392,CHRND,1144,ChemblInteractions,antagonist,TUBOCURARINE CHLORIDE,CHEMBL1687,2739
219415,CHRNE,1145,ChemblInteractions,antagonist,TUBOCURARINE CHLORIDE,CHEMBL1687,2739
219428,CHRNG,1146,ChemblInteractions,antagonist,TUBOCURARINE CHLORIDE,CHEMBL1687,2739
219436,CHUK,1147,NCI,,VITAMIN C,CHEMBL196,3196
219830,CP,1356,NCI,,AMPICILLIN,CHEMBL174,2738
219842,CP,1356,NCI,,OESTRADIOL,CHEMBL135,2958
219846,CP,1356,NCI,,DANAZOL,CHEMBL1479,2906
219871,CPT1B,1375,TTD,activator,L-CARNITINE,CHEMBL1149,2685
219874,CPT2,1376,GuideToPharmacologyInteractions,inhibitor,ASPIRIN,CHEMBL25,2688
219880,CPT2,1376,GuideToPharmacologyInteractions,inhibitor,CELECOXIB,CHEMBL118,2831
219885,CPT2,1376,GuideToPharmacologyInteractions,inhibitor,RESVERATROL,CHEMBL165,2699
219902,CPT2,1376,GuideToPharmacologyInteractions,inhibitor,PARACETAMOL,CHEMBL112,2716
219914,CREB1,1385,NCI,,ETHANOL,CHEMBL545,2687
220006,MAPK14,1432,GuideToPharmacologyInteractions,inhibitor,SB203580,CHEMBL10,2762
220027,MAPK14,1432,NCI,,MORPHINE,CHEMBL70,2975
220039,MAPK14,1432,NCI,,DOXYCYCLINE,CHEMBL1433,2733
220085,MAPK14,1432,NCI,,RESVERATROL,CHEMBL165,2699
220158,CSF2,1437,NCI,,NORDIHYDROGUAIARETIC ACID,CHEMBL52,2700
220160,CSF2,1437,NCI,,STAUROSPORINE,CHEMBL388978,2737
220213,CSF2,1437,NCI,,ETHANOL,CHEMBL545,2687
220217,CSF2,1437,NCI,,EGCG,CHEMBL297453,2821
220321,CTGF,1490,NCI,,STAUROSPORINE,CHEMBL388978,2737
220325,CTGF,1490,NCI,,INOSITOL,CHEMBL1222251,2853
220327,CTGF,1490,NCI,,ALPHA-TOCOPHEROL,CHEMBL47,2791
220332,CTGF,1490,NCI,,CURCUMIN,CHEMBL116438,2715
220334,CTGF,1490,NCI,,OESTRADIOL,CHEMBL135,2958
220346,CTLA4,1493,NCI,,WORTMANNIN,CHEMBL428496,2973
220352,CTLA4,1493,NCI,,ETHANOL,CHEMBL545,2687
220353,CTLA4,1493,NCI,,RAPAMYCIN,CHEMBL413,2819
220373,CTNNB1,1499,CGI,,Everolimus,CHEMBL1908360,2855
220383,CTNNB1,1499,CKB,,Trametinib,CHEMBL2103875,2922
220450,CYP1A1,1543,NCI,,QUERCETIN,CHEMBL50,2835
220466,CYP1A2,1544,NCI,,GREEN TEA EXTRACT,CHEMBL297453,2821
220478,CYP1A2,1544,NCI,,LUTEIN,CHEMBL173929,2926
220503,CYP1B1,1545,NCI,,RIFAMPIN,CHEMBL374478,2706
220514,CYP3A7,1551,NCI,,MELATONIN,CHEMBL45,2802
220559,CYP2C8,1558,NCI,,RIFAMPIN,CHEMBL374478,2706
220569,CYP2C9,1559,FDA,,Celecoxib,CHEMBL118,2831
220595,CYP2D6,1565,FDA,,Nebivolol,CHEMBL434394,2963
220608,CYP2D6,1565,FDA,,Metoprolol,CHEMBL13,2937
220662,CYP3A4,1576,NCI,,GENISTEIN,CHEMBL44,2777
220670,CYP3A4,1576,NCI,,RESERPINE,CHEMBL772,2756
220686,CYP3A4,1576,NCI,,EGCG,CHEMBL297453,2821
220690,CYP3A4,1576,NCI,,TRICHOSTATIN A,CHEMBL99,2778
220695,CYP3A4,1576,NCI,,CHLORAMPHENICOL,CHEMBL130,2869
220716,CYP3A4,1576,NCI,,SIMVASTATIN,CHEMBL1064,2790
220720,CYP3A5,1577,NCI,,CICLOSPORIN,CHEMBL160,2839
220731,CYP3A5,1577,NCI,,SIMVASTATIN,CHEMBL1064,2790
220786,CYP19A1,1588,NCI,,GENISTEIN,CHEMBL44,2777
220808,CYP19A1,1588,NCI,,QUERCETIN,CHEMBL50,2835
220812,CYP19A1,1588,NCI,,ASCORBIC ACID,CHEMBL196,3196
220829,CYP24A1,1591,NCI,,VITAMIN D,,2801
220846,CYP27B1,1594,NCI,,TRICHOSTATIN A,CHEMBL99,2778
220850,CD55,1604,NCI,,PD-98059,CHEMBL35482,2780
220851,CD55,1604,NCI,,ETHANOL,CHEMBL545,2687
220856,DAPK1,1612,GuideToPharmacologyInteractions,inhibitor,STAUROSPORINE,CHEMBL388978,2737
220874,DCN,1634,NCI,,ASCORBIC ACID,CHEMBL196,3196
220875,DCN,1634,NCI,,RAPAMYCIN,CHEMBL413,2819
220961,DDC,1644,NCI,,RAPAMYCIN,CHEMBL413,2819
220971,GADD45A,1647,NCI,,WORTMANNIN,CHEMBL428496,2973
220975,GADD45A,1647,NCI,,GENISTEIN,CHEMBL44,2777
220986,DDIT3,1649,NCI,,STAUROSPORINE,CHEMBL388978,2737
220989,DDIT3,1649,NCI,,ASCORBIC ACID,CHEMBL196,3196
220990,DDIT3,1649,NCI,,ALPHA-TOCOPHEROL,CHEMBL47,2791
220994,DDIT3,1649,NCI,,CELECOXIB,CHEMBL118,2831
220997,DDIT3,1649,NCI,,RAPAMYCIN,CHEMBL413,2819
221006,DDIT3,1649,NCI,,ASPIRIN,CHEMBL25,2688
221013,DDIT3,1649,NCI,,CURCUMIN,CHEMBL116438,2715
221014,DDIT3,1649,NCI,,GLUTAMINE,CHEMBL930,2865
221029,DFFB,1677,NCI,,CURCUMIN,CHEMBL116438,2715
221042,DHFR,1719,NCI,,FOLIC ACID,CHEMBL1622,2782
221092,NQO1,1728,NCI,,APAP,CHEMBL112,2716
221244,DRD1,1812,ChemblInteractions,antagonist,METHYLERGONOVINE MALEATE,CHEMBL1200843,2775
221262,DRD1,1812,ChemblInteractions,agonist,PERGOLIDE MESYLATE,CHEMBL1275,2730
221284,DRD1,1812,ChemblInteractions,antagonist,AMOXAPINE,CHEMBL1113,2742
221368,DRD2,1813,NCI,,ETHANOL,CHEMBL545,2687
221437,DRD2,1813,ChemblInteractions,agonist,PERGOLIDE MESYLATE,CHEMBL1275,2730
221443,DRD2,1813,ChemblInteractions,antagonist,THIORIDAZINE HYDROCHLORIDE,CHEMBL1200916,2758
221458,DRD2,1813,ChemblInteractions,antagonist,AMOXAPINE,CHEMBL1113,2742
221524,DRD2,1813,NCI,,MORPHINE,CHEMBL70,2975
221615,DRD2,1813,ChemblInteractions,antagonist,LOXAPINE SUCCINATE,CHEMBL1201155,2720
221693,DRD3,1814,ChemblInteractions,agonist,PERGOLIDE MESYLATE,CHEMBL1275,2730
221707,DRD3,1814,ChemblInteractions,antagonist,THIORIDAZINE HYDROCHLORIDE,CHEMBL1200916,2758
221718,DRD3,1814,ChemblInteractions,antagonist,LOXAPINE SUCCINATE,CHEMBL1201155,2720
221749,DRD3,1814,ChemblInteractions,antagonist,AMOXAPINE,CHEMBL1113,2742
221832,DRD4,1815,ChemblInteractions,antagonist,LOXAPINE SUCCINATE,CHEMBL1201155,2720
221839,DRD4,1815,ChemblInteractions,antagonist,AMOXAPINE,CHEMBL1113,2742
221909,DRD4,1815,ChemblInteractions,antagonist,THIORIDAZINE HYDROCHLORIDE,CHEMBL1200916,2758
221916,DRD4,1815,ChemblInteractions,agonist,PERGOLIDE MESYLATE,CHEMBL1275,2730
221982,DRD5,1816,ChemblInteractions,agonist,PERGOLIDE MESYLATE,CHEMBL1275,2730
221984,DRD5,1816,ChemblInteractions,antagonist,AMOXAPINE,CHEMBL1113,2742
221986,DSG1,1828,NCI,,PD-98059,CHEMBL35482,2780
221995,DTYMK,1841,NCI,,ETHANOL,CHEMBL545,2687
221999,DUSP6,1848,CIViC,,TRAMETINIB,CHEMBL2103875,2922
222000,DUSP6,1848,NCI,,DIMETHYL SULFOXIDE,CHEMBL504,2768
222013,E2F1,1869,NCI,,QUERCETIN,CHEMBL50,2835
222031,E2F1,1869,NCI,,VITAMIN C,CHEMBL196,3196
222149,EDN1,1906,NCI,,CELECOXIB,CHEMBL118,2831
222298,EGFR,1956,CIViC,,RAPAMYCIN (SIROLIMUS),CHEMBL413,2819
222319,EGFR,1956,GuideToPharmacologyInteractions,inhibitor,AG1478,CHEMBL7917,2829
222322,EGFR,1956,GuideToPharmacologyInteractions,inhibitor,AG 9,,2837
222325,EGFR,1956,GuideToPharmacologyInteractions,inhibitor,AG 490,CHEMBL56543,2846
222346,EGFR,1956,NCI,,ETHANOL,CHEMBL545,2687
222360,EGFR,1956,CKB,,Everolimus,CHEMBL1908360,2855
222373,EGFR,1956,CGI,,Sirolimus,CHEMBL413,2819
222378,EGFR,1956,CKB,,Trametinib,CHEMBL2103875,2922
222531,EGFR,1956,CKB,,Sirolimus,CHEMBL413,2819
222651,EGFR,1956,DoCM,,SIROLIMUS,CHEMBL413,2819
222671,EIF2S1,1965,NCI,,STAUROSPORINE,CHEMBL388978,2737
222672,EIF2B1,1967,NCI,,WORTMANNIN,CHEMBL428496,2973
222692,EIF4E,1977,NCI,,RAPAMYCIN,CHEMBL413,2819
222725,MARK2,2011,NCI,,APAP,CHEMBL112,2716
222733,ENO2,2026,NCI,,SODIUM BUTYRATE,CHEMBL62381,2887
222746,SLC29A1,2030,NCI,,ETHANOL,CHEMBL545,2687
222758,EP300,2033,GuideToPharmacologyInteractions,inhibitor,EPIGALLOCATECHIN-3-GALLATE,CHEMBL297453,2821
222760,EP300,2033,GuideToPharmacologyInteractions,inhibitor,CURCUMIN,CHEMBL116438,2715
222763,EP300,2033,GuideToPharmacologyInteractions,inhibitor,PLUMBAGIN,CHEMBL295316,2884
222785,EPHA8,2046,NCI,,GENISTEIN,CHEMBL44,2777
222860,ERBB2,2064,NCI,,GREEN TEA POLYPHENOLS,CHEMBL297453,3061
222863,ERBB2,2064,CKB,,Everolimus,CHEMBL1908360,2855
222884,ERBB2,2064,NCI,,VITAMIN E,CHEMBL47,2791
222949,ERBB2,2064,FDA,,Everolimus,CHEMBL1908360,2855
223017,ERBB2,2064,CGI,,Everolimus,CHEMBL1908360,2855
223080,ERBB2,2064,CIViC,,RAPAMYCIN (SIROLIMUS),CHEMBL413,2819
223131,ERBB2,2064,NCI,,PD-98059,CHEMBL35482,2780
223186,ERBB2,2064,CKB,,Metformin,CHEMBL1431,2696
223313,ERCC1,2067,NCI,,CYCLOSPORIN A,CHEMBL160,2839
223353,ESR1,2099,GuideToPharmacologyInteractions,agonist,"R,R-THC",CHEMBL282489,2957
223385,ESR1,2099,TEND,,DANAZOL,CHEMBL1479,2906
223388,ESR1,2099,FDA,,Everolimus,CHEMBL1908360,2855
223397,ESR1,2099,TTD,agonist,ESTRADIOL,CHEMBL135,2958
223443,ESR1,2099,ChemblInteractions,agonist,ESTRADIOL,CHEMBL135,2958
223472,ESR1,2099,CGI,,Everolimus,CHEMBL1908360,2855
223484,ESR1,2099,TdgClinicalTrial,,DANAZOL,CHEMBL1479,2906
223491,ESR1,2099,TdgClinicalTrial,,ESTRADIOL,CHEMBL135,2958
223499,ESR1,2099,TTD,antagonist,DANAZOL,CHEMBL1479,2906
223519,ESR1,2099,TEND,,ESTRADIOL,CHEMBL135,2958
223552,ESR2,2100,TdgClinicalTrial,,ESTRADIOL,CHEMBL135,2958
223571,ESR2,2100,TEND,,ESTRADIOL,CHEMBL135,2958
223576,ESRRA,2101,GuideToPharmacologyInteractions,agonist,GENISTEIN,CHEMBL44,2777
223582,ESRRB,2103,GuideToPharmacologyInteractions,agonist,GENISTEIN,CHEMBL44,2777
223587,ETV1,2115,CIViC,,TRAMETINIB,CHEMBL2103875,2922
223588,ETV4,2118,CIViC,,TRAMETINIB,CHEMBL2103875,2922
223589,ETV5,2119,CIViC,,TRAMETINIB,CHEMBL2103875,2922
223690,F2R,2149,NCI,,MORPHINE,CHEMBL70,2975
223692,F2R,2149,NCI,,ETHANOL,CHEMBL545,2687
223695,F2R,2149,NCI,,WORTMANNIN,CHEMBL428496,2973
223710,F2R,2149,NCI,,ASPIRIN,CHEMBL25,2688
223760,F8,2157,NCI,,SORBITOL,CHEMBL1682,2766
223788,F9,2158,NCI,,LEVOTHYROXINE,CHEMBL1624,2857
223854,FAAH,2166,ChemblInteractions,inhibitor,ACETAMINOPHEN,CHEMBL112,2716
223855,FAAH,2166,NCI,,ACETAMINOPHEN,CHEMBL112,2716
223881,FABP1,2168,NCI,,CLOFIBRATE,CHEMBL565,2859
223946,FCGR3A,2214,NCI,,CYCLOSPORINE,CHEMBL160,2839
223961,FCGR3A,2214,NCI,,GELDANAMYCIN,CHEMBL278315,2978
223983,FCGR3A,2214,NCI,,DIMETHYL SULFOXIDE,CHEMBL504,2768
224001,FCGR3B,2215,NCI,,CYCLOSPORINE,CHEMBL160,2839
224004,FCGR3B,2215,NCI,,DIMETHYL SULFOXIDE,CHEMBL504,2768
224007,FCGR3B,2215,NCI,,CHOLECALCIFEROL,CHEMBL1042,2801
224018,FCGR3B,2215,NCI,,GELDANAMYCIN,CHEMBL278315,2978
224091,FGF2,2247,NCI,,CAFFEINE,CHEMBL113,2694
224092,FGF2,2247,TdgClinicalTrial,,SIROLIMUS,CHEMBL413,2819
224106,FGF2,2247,NCI,,ASPIRIN,CHEMBL25,2688
224179,FGFR1,2260,NCI,,ETHANOL,CHEMBL545,2687
224225,FGFR1,2260,CKB,,Sirolimus,CHEMBL413,2819
224241,FGFR1,2260,CKB,,Trametinib,CHEMBL2103875,2922
224266,FGFR3,2261,CKB,,PD98059,CHEMBL35482,2780
224310,FGFR3,2261,CKB,,Trametinib,CHEMBL2103875,2922
224373,FGFR2,2263,CKB,,Trametinib,CHEMBL2103875,2922
224533,FHIT,2272,NCI,,TRICHOSTATIN A,CHEMBL99,2778
224536,FKBP1A,2280,TEND,,SIROLIMUS,CHEMBL413,2819
224537,FKBP1A,2280,ChemblInteractions,inhibitor,SIROLIMUS,CHEMBL413,2819
224541,FKBP1A,2280,ClearityFoundationClinicalTrial,,EVEROLIMUS,CHEMBL1908360,2855
224543,FKBP1A,2280,GuideToPharmacologyInteractions,inhibitor,SIROLIMUS,CHEMBL413,2819
224550,FKBP1A,2280,ChemblInteractions,inhibitor,EVEROLIMUS,CHEMBL1908360,2855
224552,FKBP1A,2280,TdgClinicalTrial,,SIROLIMUS,CHEMBL413,2819
224554,FKBP4,2288,NCI,,RAPAMYCIN,CHEMBL413,2819
224777,FLT3,2322,CKB,,PD98059,CHEMBL35482,2780
224901,FLT3,2322,NCI,,GELDANAMYCIN,CHEMBL278315,2978
225092,FOLR1,2348,TTD,binder,FOLIC ACID,CHEMBL1622,2782
225110,FOS,2353,NCI,,ETHANOL,CHEMBL545,2687
225134,FPR1,2357,GuideToPharmacologyInteractions,antagonist,CYCLOSPORIN A,CHEMBL160,2839
225225,MTOR,2475,DoCM,,EVEROLIMUS,CHEMBL1908360,2855
225232,MTOR,2475,MyCancerGenomeClinicalTrial,inhibitor,METFORMIN,CHEMBL1431,2696
225243,MTOR,2475,MyCancerGenome,inhibitor,SIROLIMUS,CHEMBL413,2819
225244,MTOR,2475,TALC,inhibitor,EVEROLIMUS,CHEMBL1908360,2855
225246,MTOR,2475,ClearityFoundationClinicalTrial,,SIROLIMUS,CHEMBL413,2819
225255,MTOR,2475,CGI,,Sirolimus,CHEMBL413,2819
225257,MTOR,2475,MyCancerGenome,inhibitor,EVEROLIMUS,CHEMBL1908360,2855
225263,MTOR,2475,CIViC,,RAPAMYCIN (SIROLIMUS),CHEMBL413,2819
225270,MTOR,2475,MyCancerGenomeClinicalTrial,inhibitor,EVEROLIMUS,CHEMBL1908360,2855
225275,MTOR,2475,TdgClinicalTrial,,SIROLIMUS,CHEMBL413,2819
225283,MTOR,2475,TALC,inhibitor,SIROLIMUS,CHEMBL413,2819
225285,MTOR,2475,ClearityFoundationClinicalTrial,,EVEROLIMUS,CHEMBL1908360,2855
225289,MTOR,2475,DoCM,,RAPAMYCIN,CHEMBL413,2819
225296,MTOR,2475,TTD,inhibitor,SIROLIMUS,CHEMBL413,2819
225306,MTOR,2475,CGI,,Everolimus,CHEMBL1908360,2855
225318,MTOR,2475,CIViC,,EVEROLIMUS,CHEMBL1908360,2855
225319,MTOR,2475,TEND,,EVEROLIMUS,CHEMBL1908360,2855
225322,MTOR,2475,OncoKB,,Everolimus,CHEMBL1908360,2855
225328,MTOR,2475,OncoKB,,Rapamycin,CHEMBL413,2819
225337,MTOR,2475,TTD,inhibitor,EVEROLIMUS,CHEMBL1908360,2855
225342,MTOR,2475,TdgClinicalTrial,,EVEROLIMUS,CHEMBL1908360,2855
225350,MTOR,2475,GuideToPharmacologyInteractions,inhibitor,EVEROLIMUS,CHEMBL1908360,2855
225351,MTOR,2475,CIViC,,LY294002,CHEMBL98350,2815
225386,NR5A1,2516,NCI,,PD-98059,CHEMBL35482,2780
225426,G6PD,2539,FDA,,Methylene Blue,CHEMBL191083,2981
225431,G6PD,2539,FDA,,Ascorbic Acid,CHEMBL196,3196
225451,G6PD,2539,FDA,,Trametinib,CHEMBL2103875,2922
225453,G6PD,2539,FDA,,Sulfamethoxazole,CHEMBL443,2741
225465,GAA,2548,TEND,,ACARBOSE,CHEMBL1566,2807
225466,GAA,2548,TdgClinicalTrial,,ACARBOSE,CHEMBL1566,2807
225467,GAA,2548,TTD,inhibitor,GLUCOBAY,CHEMBL1566,2807
225491,GABPA,2551,NCI,,QUERCETIN,CHEMBL50,2835
225615,GABRA1,2554,TTD,antagonist,ETHANOL,CHEMBL545,2687
227543,GAK,2580,GuideToPharmacologyInteractions,inhibitor,SB203580,CHEMBL10,2762
227609,GAPDH,2597,NCI,,SODIUM BUTYRATE,CHEMBL62381,2887
227611,GAPDH,2597,NCI,,OESTRADIOL,CHEMBL135,2958
227622,GATA2,2624,CKB,,fasudil,CHEMBL38380,2888
227623,GATA2,2624,CIViC,,FASUDIL,CHEMBL38380,2888
227632,GC,2638,NCI,,VITAMIN D,,2801
227637,GCG,2641,NCI,,SODIUM BUTYRATE,CHEMBL62381,2887
227641,GCG,2641,NCI,,MORPHINE,CHEMBL70,2975
227642,GCG,2641,NCI,,PD 098059,CHEMBL35482,2780
227649,GCG,2641,NCI,,VITAMIN D,,2801
227679,GCK,2645,TTD,inhibitor,LONIDAMINE,CHEMBL1257030,2949
227697,GDNF,2668,NCI,,ETHANOL,CHEMBL545,2687
227708,GFAP,2670,NCI,,NDGA,,2700
227710,GFAP,2670,NCI,,ASPIRIN,CHEMBL25,2688
227718,GFAP,2670,NCI,,SODIUM BUTYRATE,CHEMBL62381,2887
227724,GFAP,2670,NCI,,STAUROSPORINE,CHEMBL388978,2737
227726,GFAP,2670,NCI,,ASCORBIC ACID,CHEMBL196,3196
227727,GFAP,2670,NCI,,SORBITOL,CHEMBL1682,2766
227735,GFAP,2670,NCI,,MELATONIN,CHEMBL45,2802
227737,GFAP,2670,NCI,,CAFFEINE,CHEMBL113,2694
227743,GFAP,2670,NCI,,GENISTEIN,CHEMBL44,2777
227745,GFER,2671,NCI,,ETHANOL,CHEMBL545,2687
227778,GGT1,2678,NCI,,VALPROIC ACID,CHEMBL109,2736
227814,GHRH,2691,NCI,,MELATONIN,CHEMBL45,2802
227863,GJA1,2697,NCI,,EGCG,CHEMBL297453,2821
227865,GJA1,2697,NCI,,VITAMIN C,CHEMBL196,3196
227901,GCLC,2729,NCI,,ETHANOL,CHEMBL545,2687
227912,GCLM,2730,NCI,,MELATONIN,CHEMBL45,2802
228001,GLS,2744,NCI,,GLUTAMINE,CHEMBL930,2865
228016,GNA11,2767,CKB,,Everolimus,CHEMBL1908360,2855
228017,GNA11,2767,CKB,,Trametinib,CHEMBL2103875,2922
228019,GNAQ,2776,CKB,,Everolimus,CHEMBL1908360,2855
228032,GNAQ,2776,CKB,,Trametinib,CHEMBL2103875,2922
228050,GNRH1,2796,NCI,,RESERPINE,CHEMBL772,2756
228051,GNRH1,2796,NCI,,VITAMIN E,CHEMBL47,2791
228148,GNRHR,2798,TdgClinicalTrial,,DANAZOL,CHEMBL1479,2906
228149,GNRHR,2798,TEND,,DANAZOL,CHEMBL1479,2906
228378,FFAR2,2867,GuideToPharmacologyInteractions,agonist,ACETIC ACID,CHEMBL539,2796
228679,GRIN1,2902,NCI,,MORPHINE,CHEMBL70,2975
228726,GRIN2A,2903,GuideToPharmacologyInteractions,agonist,D-ASPARTIC ACID,CHEMBL29757,2840
228743,GRIN2A,2903,TTD,antagonist,GLYCINE,CHEMBL773,2936
228760,GRIN2A,2903,GuideToPharmacologyInteractions,agonist,GLYCINE,CHEMBL773,2936
228814,GRIN2B,2904,GuideToPharmacologyInteractions,agonist,GLYCINE,CHEMBL773,2936
228836,GRIN2B,2904,GuideToPharmacologyInteractions,agonist,D-ASPARTIC ACID,CHEMBL29757,2840
228851,GRIN2C,2905,GuideToPharmacologyInteractions,agonist,D-ASPARTIC ACID,CHEMBL29757,2840
228901,GRIN2C,2905,GuideToPharmacologyInteractions,agonist,GLYCINE,CHEMBL773,2936
229117,NR3C1,2908,NCI,,OESTRADIOL,CHEMBL135,2958
229125,GRM1,2911,NCI,,INOSITOL,CHEMBL1222251,2853
229138,GRM1,2911,GuideToPharmacologyInteractions,agonist,L-GLUTAMIC ACID,,2891
229140,GRM1,2911,NCI,,MORPHINE,CHEMBL70,2975
229152,GRM1,2911,NCI,,CAFFEINE,CHEMBL113,2694
229217,GRM2,2912,GuideToPharmacologyInteractions,agonist,L-GLUTAMIC ACID,,2891
229244,GRM3,2913,GuideToPharmacologyInteractions,agonist,L-GLUTAMIC ACID,,2891
229255,GRM4,2914,GuideToPharmacologyInteractions,agonist,L-GLUTAMIC ACID,,2891
229275,GRM5,2915,NCI,,ETHANOL,CHEMBL545,2687
229305,GRM6,2916,GuideToPharmacologyInteractions,agonist,L-GLUTAMIC ACID,,2891
229319,GRM7,2917,GuideToPharmacologyInteractions,allosteric modulator,AMN082,CHEMBL1613220,3090
229325,GRM7,2917,GuideToPharmacologyInteractions,agonist,L-GLUTAMIC ACID,,2891
229329,GRM8,2918,GuideToPharmacologyInteractions,agonist,L-GLUTAMIC ACID,,2891
229346,CXCL2,2920,NCI,,CYCLOSPORIN A,CHEMBL160,2839
229348,CXCL2,2920,NCI,,STAUROSPORINE,CHEMBL388978,2737
229445,GSK3B,2932,GuideToPharmacologyInteractions,inhibitor,KENPAULLONE,CHEMBL296586,2779
229447,GSR,2936,NCI,,THYROXINE,CHEMBL42115,2857
229449,GSR,2936,NCI,,VITAMIN E,CHEMBL47,2791
229456,GSR,2936,NCI,,QUERCETIN,CHEMBL50,2835
229497,GSTM1,2944,NCI,,CURCUMIN,CHEMBL116438,2715
229521,GSTP1,2950,NCI,,RESVERATROL,CHEMBL165,2699
229523,GSTP1,2950,NCI,,VITAMIN E,CHEMBL47,2791
229528,GSTP1,2950,NCI,,CURCUMIN,CHEMBL116438,2715
229535,GSTP1,2950,NCI,,ALPHA-TOCOPHEROL,CHEMBL47,2791
229550,GSTP1,2950,NCI,,ETHANOL,CHEMBL545,2687
229568,GTF2B,2959,NCI,,VITAMIN D,,2801
229633,GZMA,3001,NCI,,CYCLOSPORINE,CHEMBL160,2839
229640,H2AFX,3014,NCI,,N-ACETYLCYSTEINE,CHEMBL600,2761
229723,HTT,3064,ChemblInteractions,inhibitor,AMOXAPINE,CHEMBL1113,2742
229728,HTT,3064,ChemblInteractions,inhibitor,NORTRIPTYLINE HYDROCHLORIDE,CHEMBL1201156,2813
229734,HTT,3064,TTD,inhibitor,VALPROIC ACID,CHEMBL109,2736
229782,HDAC1,3065,TALC,inhibitor,VALPROIC ACID,CHEMBL109,2736
229787,HDAC1,3065,GuideToPharmacologyInteractions,inhibitor,TRICHOSTATIN A,CHEMBL99,2778
229818,HDAC1,3065,GuideToPharmacologyInteractions,inhibitor,VALPROIC ACID,CHEMBL109,2736
229841,HDAC1,3065,TTD,inhibitor,SODIUM BUTYRATE,CHEMBL62381,2887
229845,HDAC1,3065,TTD,inhibitor,PHENYLBUTYRATE,CHEMBL1469,2724
229862,HDAC2,3066,GuideToPharmacologyInteractions,inhibitor,TRICHOSTATIN A,CHEMBL99,2778
229892,HDAC2,3066,TALC,inhibitor,VALPROIC ACID,CHEMBL109,2736
229921,HEXB,3074,NCI,,THYROXINE,CHEMBL42115,2857
229922,HEXB,3074,NCI,,CORTISONE,CHEMBL111861,2817
229926,HGF,3082,NCI,,ASPIRIN,CHEMBL25,2688
229929,HGF,3082,NCI,,RESVERATROL,CHEMBL165,2699
229932,HGF,3082,NCI,,WORTMANNIN,CHEMBL428496,2973
229947,HGF,3082,NCI,,EGCG,CHEMBL297453,2821
229948,HGF,3082,NCI,,RESERPINE,CHEMBL772,2756
229949,HGF,3082,NCI,,SHO-SAIKO-TO,,2719
229955,NRG1,3084,NCI,,ASPIRIN,CHEMBL25,2688
229958,NRG1,3084,NCI,,WORTMANNIN,CHEMBL428496,2973
229959,NRG1,3084,NCI,,GENISTEIN,CHEMBL44,2777
229997,HIF1A,3091,NCI,,GELDANAMYCIN,CHEMBL278315,2978
230046,HMGB1,3146,NCI,,CHLORAMPHENICOL,CHEMBL130,2869
230047,HMGB1,3146,NCI,,EGCG,CHEMBL297453,2821
230049,HMGB1,3146,NCI,,AMPICILLIN,CHEMBL174,2738
230060,HMGCR,3156,TEND,,SIMVASTATIN,CHEMBL1064,2790
230083,HMGCR,3156,TdgClinicalTrial,,SIMVASTATIN,CHEMBL1064,2790
230092,HMGCR,3156,GuideToPharmacologyInteractions,inhibitor,SIMVASTATIN,CHEMBL1064,2790
230099,HMGCR,3156,ChemblInteractions,inhibitor,SIMVASTATIN,CHEMBL1064,2790
230116,HMGCR,3156,TTD,inhibitor,SIMVASTATIN,CHEMBL1064,2790
230139,HMOX1,3162,NCI,,ASPIRIN,CHEMBL25,2688
230140,HMOX1,3162,NCI,,VITAMIN D,,2801
230144,HMOX2,3163,NCI,,MORPHINE,CHEMBL70,2975
230151,NR4A1,3164,NCI,,PD-98059,CHEMBL35482,2780
230155,NR4A1,3164,NCI,,MORPHINE,CHEMBL70,2975
230161,NR4A1,3164,NCI,,CYCLOSPORIN A,CHEMBL160,2839
230201,HRAS,3265,CKB,,Sirolimus,CHEMBL413,2819
230211,HRAS,3265,CKB,,Everolimus,CHEMBL1908360,2855
230222,HRAS,3265,CIViC,,EVEROLIMUS,CHEMBL1908360,2855
230231,HRAS,3265,CKB,,Trametinib,CHEMBL2103875,2922
230240,HRAS,3265,NCI,,DIMETHYL SULFOXIDE,CHEMBL504,2768
230256,HRAS,3265,NCI,,VITAMIN E,CHEMBL47,2791
230258,HRAS,3265,NCI,,PD-98059,CHEMBL35482,2780
230260,HRAS,3265,CKB,,Metformin,CHEMBL1431,2696
230267,HRH1,3269,TTD,antagonist,OXATOMIDE,CHEMBL13828,2789
230313,HRH1,3269,TdgClinicalTrial,,CINNARIZINE,CHEMBL43064,2877
230318,HRH1,3269,TdgClinicalTrial,,MIANSERIN,CHEMBL6437,2747
230322,HRH1,3269,TTD,antagonist,LORATADINE,CHEMBL998,2845
230330,HRH1,3269,ChemblInteractions,antagonist,LORATADINE,CHEMBL998,2845
230396,HRH1,3269,TEND,,MIANSERIN,CHEMBL6437,2747
230411,HRH1,3269,TEND,,CINNARIZINE,CHEMBL43064,2877
230444,HRH1,3269,ChemblInteractions,antagonist,PROMETHAZINE HYDROCHLORIDE,CHEMBL1200750,2749
230492,HRH1,3269,TdgClinicalTrial,,LORATADINE,CHEMBL998,2845
230515,HRH1,3269,TTD,antagonist,CINNARIZINE,CHEMBL43064,2877
230531,HRH1,3269,GuideToPharmacologyInteractions,antagonist,LORATADINE,CHEMBL998,2845
230540,HRH1,3269,TEND,,LORATADINE,CHEMBL998,2845
230672,HSPA4,3308,NCI,,WORTMANNIN,CHEMBL428496,2973
230673,HSPA4,3308,NCI,,NDGA,,2700
230689,HSPA4,3308,NCI,,CELECOXIB,CHEMBL118,2831
230693,HSPA4,3308,NCI,,VITAMIN C,CHEMBL196,3196
230699,HSPA8,3312,NCI,,ACETAMINOPHEN,CHEMBL112,2716
230705,HSPA8,3312,NCI,,CYCLOSPORIN A,CHEMBL160,2839
230713,HSPB1,3315,NCI,,VITAMIN C,CHEMBL196,3196
230731,HSPB2,3316,NCI,,RESVERATROL,CHEMBL165,2699
230878,HTR1A,3350,GuideToPharmacologyInteractions,agonist,"LY 165,163",,2745
230935,HTR1A,3350,GuideToPharmacologyInteractions,agonist,BRL-15572,CHEMBL534232,2934
231049,HTR1B,3351,GuideToPharmacologyInteractions,agonist,BRL-15572,CHEMBL534232,2934
231075,HTR1B,3351,GuideToPharmacologyInteractions,antagonist,METERGOLINE,CHEMBL19215,2798
231135,HTR1D,3352,ChemblInteractions,agonist,DIHYDROERGOTAMINE MESYLATE,CHEMBL1200517,2793
231151,HTR1D,3352,GuideToPharmacologyInteractions,agonist,BRL-15572,CHEMBL534232,2934
231166,HTR1D,3352,GuideToPharmacologyInteractions,antagonist,METERGOLINE,CHEMBL19215,2798
231237,HTR1E,3354,GuideToPharmacologyInteractions,antagonist,METERGOLINE,CHEMBL19215,2798
231270,HTR1E,3354,GuideToPharmacologyInteractions,agonist,BRL-15572,CHEMBL534232,2934
231304,HTR1F,3355,GuideToPharmacologyInteractions,agonist,BRL-15572,CHEMBL534232,2934
231309,HTR1F,3355,GuideToPharmacologyInteractions,antagonist,METERGOLINE,CHEMBL19215,2798
231365,HTR2A,3356,ChemblInteractions,antagonist,THIORIDAZINE HYDROCHLORIDE,CHEMBL1200916,2758
231367,HTR2A,3356,GuideToPharmacologyInteractions,antagonist,MIANSERIN,CHEMBL6437,2747
231429,HTR2A,3356,TdgClinicalTrial,,MIANSERIN,CHEMBL6437,2747
231495,HTR2A,3356,TEND,,MIANSERIN,CHEMBL6437,2747
231542,HTR2A,3356,GuideToPharmacologyInteractions,antagonist,METERGOLINE,CHEMBL19215,2798
231562,HTR2A,3356,ChemblInteractions,antagonist,LOXAPINE SUCCINATE,CHEMBL1201155,2720
231573,HTR2A,3356,GuideToPharmacologyInteractions,agonist,BRL-15572,CHEMBL534232,2934
231641,HTR2B,3357,ChemblInteractions,partial agonist,METHYLERGONOVINE MALEATE,CHEMBL1200843,2775
231665,HTR2B,3357,GuideToPharmacologyInteractions,antagonist,MIANSERIN,CHEMBL6437,2747
231684,HTR2B,3357,GuideToPharmacologyInteractions,antagonist,METERGOLINE,CHEMBL19215,2798
231705,HTR2B,3357,GuideToPharmacologyInteractions,agonist,BRL-15572,CHEMBL534232,2934
231713,HTR2B,3357,GuideToPharmacologyInteractions,antagonist,MELATONIN,CHEMBL45,2802
231758,HTR2C,3358,GuideToPharmacologyInteractions,antagonist,METERGOLINE,CHEMBL19215,2798
231761,HTR2C,3358,ChemblInteractions,antagonist,THIORIDAZINE HYDROCHLORIDE,CHEMBL1200916,2758
231763,HTR2C,3358,ChemblInteractions,antagonist,LOXAPINE SUCCINATE,CHEMBL1201155,2720
231806,HTR2C,3358,TdgClinicalTrial,,MIANSERIN,CHEMBL6437,2747
231822,HTR2C,3358,TEND,,MIANSERIN,CHEMBL6437,2747
231839,HTR2C,3358,GuideToPharmacologyInteractions,antagonist,MIANSERIN,CHEMBL6437,2747
231843,HTR2C,3358,GuideToPharmacologyInteractions,agonist,BRL-15572,CHEMBL534232,2934
231956,HTR4,3360,NCI,,ACETAMINOPHEN,CHEMBL112,2716
231970,HTR5A,3361,GuideToPharmacologyInteractions,antagonist,METERGOLINE,CHEMBL19215,2798
232004,HTR6,3362,GuideToPharmacologyInteractions,agonist,BRL-15572,CHEMBL534232,2934
232018,HTR6,3362,GuideToPharmacologyInteractions,antagonist,METERGOLINE,CHEMBL19215,2798
232046,HTR6,3362,GuideToPharmacologyInteractions,antagonist,MIANSERIN,CHEMBL6437,2747
232061,HTR6,3362,GuideToPharmacologyInteractions,antagonist,AMOXAPINE,CHEMBL1113,2742
232087,IBSP,3381,NCI,,CYCLOSPORIN A,CHEMBL160,2839
232101,ICAM3,3385,NCI,,VITAMIN D,,2801
232110,IDE,3416,TTD,inhibitor,BACITRACIN,,3198
232121,IDH1,3417,CKB,,Metformin,CHEMBL1431,2696
232168,IFI27,3429,NCI,,VITAMIN D,,2801
232281,IFNG,3458,NCI,,MELATONIN,CHEMBL45,2802
232359,IGF1R,3480,NCI,,STAUROSPORINE,CHEMBL388978,2737
232408,IGF2,3481,NCI,,L-GLUTAMINE,CHEMBL930,2865
232417,IGFBP1,3484,NCI,,ETHANOL,CHEMBL545,2687
232421,IGFBP1,3484,NCI,,RAPAMYCIN,CHEMBL413,2819
232474,IL1B,3553,NCI,,RESVERATROL,CHEMBL165,2699
232485,IL1B,3553,TTD,inhibitor,GLUCOSAMINE,,2930
232510,IL1B,3553,NCI,,MELATONIN,CHEMBL45,2802
232513,IL1B,3553,TTD,,CELASTROL,CHEMBL301982,2847
232526,IL1R1,3554,NCI,,GENISTEIN,CHEMBL44,2777
232527,IL1R1,3554,NCI,,ETHANOL,CHEMBL545,2687
232530,IL1R1,3554,NCI,,VITAMIN D,,2801
232543,IL2,3558,NCI,,GARLIC EXTRACT,,3068
232548,IL2,3558,NCI,,TRICHOSTATIN A,CHEMBL99,2778
232582,IL2,3558,NCI,,PARACETAMOL,CHEMBL112,2716
232602,IL2RA,3559,NCI,,STAUROSPORINE,CHEMBL388978,2737
232636,IL2RA,3559,NCI,,THYROXINE,CHEMBL42115,2857
232645,IL2RA,3559,NCI,,SHO-SAIKO-TO,,2719
232658,IL2RA,3559,NCI,,CAFFEINE,CHEMBL113,2694
232773,IL7,3574,NCI,,RAPAMYCIN,CHEMBL413,2819
232790,CXCL8,3576,NCI,,ACETAMINOPHEN,CHEMBL112,2716
232802,CXCL8,3576,NCI,,ASPIRIN,CHEMBL25,2688
232806,CXCL8,3576,NCI,,DANAZOL,CHEMBL1479,2906
232830,CXCL8,3576,NCI,,METHYLENE BLUE,CHEMBL191083,2981
232860,CXCR2,3579,NCI,,N-ACETYL-L-CYSTEINE,CHEMBL600,2761
232874,CXCR2,3579,NCI,,ALPHA-TOCOPHEROL,CHEMBL47,2791
232893,CXCR2,3579,NCI,,GENISTEIN,CHEMBL44,2777
232902,IL10,3586,NCI,,RAPAMYCIN,CHEMBL413,2819
232916,IL10,3586,NCI,,SHO-SAIKO-TO,,2719
232986,IL15,3600,NCI,,CYCLOSPORIN,CHEMBL160,2839
232989,IL15,3600,NCI,,RAPAMYCIN,CHEMBL413,2819
233006,IL17A,3605,NCI,,SIMVASTATIN,CHEMBL1064,2790
233009,IL17A,3605,NCI,,RAPAMYCIN,CHEMBL413,2819
233015,IL18,3606,NCI,,THYROXINE,CHEMBL42115,2857
233066,IDO1,3620,TTD,binder,L-TRYPTOPHAN,CHEMBL54976,2896
233169,IRS1,3667,NCI,,INOSITOL,CHEMBL1222251,2853
233170,IRS1,3667,NCI,,ETHANOL,CHEMBL545,2687
233187,ITGA2B,3674,NCI,,ASPIRIN,CHEMBL25,2688
233219,ITGA5,3678,NCI,,DMSO,CHEMBL504,2768
233244,ITGAL,3683,NCI,,STAUROSPORINE,CHEMBL388978,2737
233245,ITGAL,3683,NCI,,CYCLOSPORINE,CHEMBL160,2839
233248,ITGAL,3683,NCI,,CYCLOSPORIN A,CHEMBL160,2839
233260,ITGAL,3683,NCI,,RAPAMYCIN,CHEMBL413,2819
233262,ITGAM,3684,NCI,,DMSO,CHEMBL504,2768
233269,ITGAM,3684,NCI,,MORPHINE,CHEMBL70,2975
233321,ITGB2,3689,NCI,,ETHANOL,CHEMBL545,2687
233351,ITGB2,3689,NCI,,SODIUM BUTYRATE,CHEMBL62381,2887
233358,ITGB2,3689,NCI,,BUTEIN,CHEMBL128000,2753
233360,ITGB2,3689,NCI,,CYCLOSPORINE,CHEMBL160,2839
233662,KCNA3,3738,GuideToPharmacologyInteractions,channel blocker,PSORA-4,CHEMBL564,3091
233672,KCNA5,3741,NCI,,LORATADINE,CHEMBL998,2845
233823,KCNH2,3757,NCI,,OESTRADIOL,CHEMBL135,2958
233866,KCNJ4,3761,GuideToPharmacologyInteractions,channel blocker,SPERMIDINE,CHEMBL19612,2686
233875,KCNJ4,3761,GuideToPharmacologyInteractions,channel blocker,SPERMINE,CHEMBL23194,2985
233877,KCNJ4,3761,GuideToPharmacologyInteractions,channel blocker,PUTRESCINE,CHEMBL46257,2938
233916,KCNJ11,3767,NCI,,EGCG,CHEMBL297453,2821
234034,KCNN4,3783,GuideToPharmacologyInteractions,channel blocker,NITRENDIPINE,CHEMBL475534,2787
234489,KIT,3815,CKB,,Trametinib,CHEMBL2103875,2922
234630,KRAS,3845,CKB,,Trametinib,CHEMBL2103875,2922
234651,KRAS,3845,OncoKB,,Trametinib,CHEMBL2103875,2922
234663,KRAS,3845,ClearityFoundationBiomarkers,,TRAMETINIB,CHEMBL2103875,2922
234709,KRAS,3845,CKB,,Phenformin,CHEMBL170988,2771
234710,KRAS,3845,CGI,,Trametinib,CHEMBL2103875,2922
234713,KRAS,3845,CKB,,LY294002,CHEMBL98350,2815
234715,KRAS,3845,ClearityFoundationBiomarkers,,EVEROLIMUS,CHEMBL1908360,2855
234743,KRAS,3845,CKB,,AG490,CHEMBL56543,2846
234779,KRAS,3845,CIViC,,TRAMETINIB,CHEMBL2103875,2922
234802,KRAS,3845,CKB,,Sirolimus,CHEMBL413,2819
234821,KRAS,3845,CKB,,Metformin,CHEMBL1431,2696
234861,KRAS,3845,CKB,,fasudil,CHEMBL38380,2888
234865,KRAS,3845,CKB,,Everolimus,CHEMBL1908360,2855
234890,KRAS,3845,CKB,,GSK1120212,CHEMBL2103875,2922
234911,KRT19,3880,NCI,,PD-98059,CHEMBL35482,2780
234924,LAMP1,3916,NCI,,DIMETHYL SULFOXIDE,CHEMBL504,2768
234999,LEP,3952,NCI,,VALPROIC ACID,CHEMBL109,2736
235000,LEP,3952,NCI,,FOLIC ACID,CHEMBL1622,2782
235039,LIF,3976,NCI,,SIMVASTATIN,CHEMBL1064,2790
235042,LIF,3976,NCI,,OESTRADIOL,CHEMBL135,2958
235069,LIPC,3990,NCI,,ETHANOL,CHEMBL545,2687
235086,LPL,4023,NCI,,ACARBOSE,CHEMBL1566,2807
235091,LPL,4023,NCI,,INOSITOL,CHEMBL1222251,2853
235095,LPL,4023,NCI,,FOLIC ACID,CHEMBL1622,2782
235099,LPL,4023,TTD,activator,CLOFIBRATE,CHEMBL565,2859
235101,LPL,4023,NCI,,RESERPINE,CHEMBL772,2756
235110,LPO,4025,NCI,,ASCORBIC ACID,CHEMBL196,3196
235142,LTF,4057,NCI,,BACITRACIN,CHEMBL1200558,3198
235143,LTF,4057,NCI,,RESERPINE,CHEMBL772,2756
235215,SMAD3,4088,NCI,,GENISTEIN,CHEMBL44,2777
235266,MAOA,4128,GuideToPharmacologyInteractions,inhibitor,SELEGILINE,CHEMBL972,2854
235275,MAOB,4129,TTD,inhibitor,SELEGILINE,CHEMBL972,2854
235283,MAOB,4129,GuideToPharmacologyInteractions,inhibitor,SELEGILINE,CHEMBL972,2854
235297,MAOB,4129,ChemblInteractions,inhibitor,SELEGILINE,CHEMBL972,2854
235299,MAOB,4129,NCI,,MELATONIN,CHEMBL45,2802
235307,MAOB,4129,TEND,,SELEGILINE,CHEMBL972,2854
235313,MAOB,4129,TdgClinicalTrial,,SELEGILINE,CHEMBL972,2854
235314,MAP2,4133,NCI,,MELATONIN,CHEMBL45,2802
235331,MBL2,4153,NCI,,DANAZOL,CHEMBL1479,2906
235335,MBP,4155,NCI,,QUERCETIN,CHEMBL50,2835
235362,MC2R,4158,NCI,,VALPROIC ACID,CHEMBL109,2736
235440,MCL1,4170,NCI,,RAPAMYCIN,CHEMBL413,2819
235442,MCL1,4170,NCI,,ASPIRIN,CHEMBL25,2688
235456,MDM2,4193,NCI,,PD-98059,CHEMBL35482,2780
235561,MET,4233,CKB,,Trametinib,CHEMBL2103875,2922
235700,MGMT,4255,NCI,,GENISTEIN,CHEMBL44,2777
235864,MMP1,4312,NCI,,VITAMIN E,CHEMBL47,2791
235870,MMP1,4312,ChemblInteractions,inhibitor,DOXYCYCLINE HYCLATE,CHEMBL1200567,2842
235876,MMP1,4312,NCI,,RAPAMYCIN,CHEMBL413,2819
235883,MMP2,4313,NCI,,SIMVASTATIN,CHEMBL1064,2790
235910,MMP2,4313,NCI,,RESVERATROL,CHEMBL165,2699
235933,MMP7,4316,GuideToPharmacologyInteractions,inhibitor,DOXYCYCLINE,CHEMBL1433,2733
235935,MMP7,4316,ChemblInteractions,inhibitor,DOXYCYCLINE HYCLATE,CHEMBL1200567,2842
235945,MMP8,4317,ChemblInteractions,inhibitor,DOXYCYCLINE HYCLATE,CHEMBL1200567,2842
235946,MMP8,4317,GuideToPharmacologyInteractions,inhibitor,DOXYCYCLINE,CHEMBL1433,2733
235950,MMP8,4317,TTD,inhibitor,DOXYCYCLINE,,2733
235989,MMP13,4322,ChemblInteractions,inhibitor,DOXYCYCLINE HYCLATE,CHEMBL1200567,2842
236027,MPL,4352,CKB,,Everolimus,CHEMBL1908360,2855
236037,MPO,4353,NCI,,DIMETHYL SULFOXIDE,CHEMBL504,2768
236039,MPO,4353,NCI,,DMSO,CHEMBL504,2768
236041,MPO,4353,NCI,,METHYLENE BLUE,CHEMBL191083,2981
236053,MPO,4353,NCI,,DOXYCYCLINE,CHEMBL1433,2733
236062,MPO,4353,NCI,,LORATADINE,CHEMBL998,2845
236066,MPST,4357,NCI,,THYROXINE,CHEMBL42115,2857
236086,ABCC1,4363,NCI,,CYCLOSPORIN A,CHEMBL160,2839
236102,ABCC1,4363,NCI,,SODIUM BUTYRATE,CHEMBL62381,2887
236106,ABCC1,4363,NCI,,EGCG,CHEMBL297453,2821
236139,MT1JP,4498,NCI,,ETHANOL,CHEMBL545,2687
236140,MT2A,4502,NCI,,PARACETAMOL,CHEMBL112,2716
236141,MT2A,4502,NCI,,ETHANOL,CHEMBL545,2687
236147,MT-CO1,4512,NCI,,OESTRADIOL,CHEMBL135,2958
236149,MTHFR,4524,NCI,,ETHANOL,CHEMBL545,2687
236207,MTNR1A,4543,TdgClinicalTrial,,MELATONIN,CHEMBL45,2802
236222,MTNR1A,4543,GuideToPharmacologyInteractions,agonist,[3H]MELATONIN,CHEMBL45,2802
236226,MTNR1A,4543,GuideToPharmacologyInteractions,agonist,MELATONIN,CHEMBL45,2802
236229,MTNR1A,4543,TTD,binder,MELATONIN,CHEMBL45,2802
236231,MTNR1A,4543,TEND,,MELATONIN,CHEMBL45,2802
236252,MTNR1B,4544,GuideToPharmacologyInteractions,agonist,MELATONIN,CHEMBL45,2802
236261,MTNR1B,4544,GuideToPharmacologyInteractions,agonist,[3H]MELATONIN,CHEMBL45,2802
236269,MTNR1B,4544,TEND,,MELATONIN,CHEMBL45,2802
236279,MTNR1B,4544,TdgClinicalTrial,,MELATONIN,CHEMBL45,2802
236291,MUC1,4582,NCI,,SODIUM BUTYRATE,CHEMBL62381,2887
236301,MUC2,4583,NCI,,PD-98059,CHEMBL35482,2780
236333,MYC,4609,NCI,,FOLIC ACID,CHEMBL1622,2782
236351,MYC,4609,NCI,,PD-98059,CHEMBL35482,2780
236374,MYC,4609,NCI,,MELATONIN,CHEMBL45,2802
236426,MYO9B,4650,NCI,,WORTMANNIN,CHEMBL428496,2973
236431,MYO9B,4650,NCI,,CAFFEINE,CHEMBL113,2694
236443,MYOD1,4654,NCI,,GELDANAMYCIN,CHEMBL278315,2978
236566,NEUROD1,4760,NCI,,PD-98059,CHEMBL35482,2780
236572,NF1,4763,CGI,,Everolimus,CHEMBL1908360,2855
236574,NF1,4763,CIViC,,RAPAMYCIN (SIROLIMUS),CHEMBL413,2819
236575,NF1,4763,CGI,,Trametinib,CHEMBL2103875,2922
236579,NF1,4763,OncoKB,,Trametinib,CHEMBL2103875,2922
236589,NF1,4763,ClearityFoundationBiomarkers,,TRAMETINIB,CHEMBL2103875,2922
236592,NF1,4763,CGI,,Sirolimus,CHEMBL413,2819
236610,NF2,4771,CIViC,,EVEROLIMUS,CHEMBL1908360,2855
236614,NF2,4771,CGI,,Everolimus,CHEMBL1908360,2855
236620,NFE2L2,4780,NCI,,RAPAMYCIN,CHEMBL413,2819
236631,NFE2L2,4780,NCI,,ASCORBIC ACID,CHEMBL196,3196
236634,NFE2L2,4780,NCI,,EGCG,CHEMBL297453,2821
236635,NFE2L2,4780,NCI,,SIMVASTATIN,CHEMBL1064,2790
236653,NFE2L2,4780,NCI,,STAUROSPORINE,CHEMBL388978,2737
236661,NFE2L2,4780,NCI,,WORTMANNIN,CHEMBL428496,2973
236662,NFE2L2,4780,NCI,,ETHANOL,CHEMBL545,2687
236744,NOS1,4842,NCI,,GREEN TEA EXTRACT,CHEMBL297453,2821
236745,NOS1,4842,NCI,,CAFFEINE,CHEMBL113,2694
236747,NOS1,4842,NCI,,RAPAMYCIN,CHEMBL413,2819
236759,NOS1,4842,NCI,,STAUROSPORINE,CHEMBL388978,2737
236792,NOS2,4843,GuideToPharmacologyInteractions,inhibitor,1400W,CHEMBL107251,2977
236803,NOS2,4843,NCI,,OESTRADIOL,CHEMBL135,2958
236805,NOS2,4843,MyCancerGenomeClinicalTrial,inhibitor,DOXYCYCLINE,CHEMBL1433,2733
236816,NOS2,4843,NCI,,DMSO,CHEMBL504,2768
236833,NOTCH1,4851,CKB,,Everolimus,CHEMBL1908360,2855
236920,NPPC,4880,NCI,,STAUROSPORINE,CHEMBL388978,2737
236998,NRAS,4893,CKB,,Everolimus,CHEMBL1908360,2855
237009,NRAS,4893,CIViC,,METFORMIN,CHEMBL1431,2696
237015,NRAS,4893,CKB,,Trametinib,CHEMBL2103875,2922
237026,NRAS,4893,OncoKB,,Trametinib,CHEMBL2103875,2922
237034,NRAS,4893,NCI,,INOSITOL,CHEMBL1222251,2853
237055,NRAS,4893,CIViC,,TRAMETINIB,CHEMBL2103875,2922
237068,NRAS,4893,CIViC,,EVEROLIMUS,CHEMBL1908360,2855
237093,NT5E,4907,NCI,,INOSITOL,CHEMBL1222251,2853
237104,NT5E,4907,NCI,,RESERPINE,CHEMBL772,2756
237122,NTF3,4908,NCI,,INOSITOL,CHEMBL1222251,2853
237127,NTF3,4908,NCI,,GENISTEIN,CHEMBL44,2777
237159,NTRK1,4914,NCI,,WORTMANNIN,CHEMBL428496,2973
237170,NTRK1,4914,NCI,,THYROXINE,CHEMBL42115,2857
237219,NTRK2,4915,NCI,,CYCLOSPORIN,CHEMBL160,2839
237236,NTRK3,4916,NCI,,THYROXINE,CHEMBL42115,2857
237269,NTS,4922,NCI,,ETHANOL,CHEMBL545,2687
237294,OGG1,4968,NCI,,CAFFEINE,CHEMBL113,2694
237314,OPRD1,4985,GuideToPharmacologyInteractions,agonist,MORPHINE,CHEMBL70,2975
237350,OPRD1,4985,TEND,,MORPHINE,CHEMBL70,2975
237408,OPRD1,4985,TdgClinicalTrial,,MORPHINE,CHEMBL70,2975
237440,OPRK1,4986,GuideToPharmacologyInteractions,agonist,MORPHINE,CHEMBL70,2975
237445,OPRK1,4986,TdgClinicalTrial,,MORPHINE,CHEMBL70,2975
237467,OPRK1,4986,TEND,,MORPHINE,CHEMBL70,2975
237650,OPRM1,4988,GuideToPharmacologyInteractions,agonist,MORPHINE,CHEMBL70,2975
237698,OPRM1,4988,TEND,,MORPHINE,CHEMBL70,2975
237761,OPRM1,4988,TdgClinicalTrial,,MORPHINE,CHEMBL70,2975
237823,OXTR,5021,NCI,,OESTRADIOL,CHEMBL135,2958
238020,P2RY11,5032,GuideToPharmacologyInteractions,agonist,NAD,CHEMBL1234613,2882
238032,PAEP,5047,NCI,,GENISTEIN,CHEMBL44,2777
238033,PAEP,5047,NCI,,CYPROTERONE ACETATE,CHEMBL139835,2797
238047,SERPINE1,5054,NCI,,LEVOTHYROXINE,CHEMBL1624,2857
238083,PAK2,5062,GuideToPharmacologyInteractions,inhibitor,STAUROSPORINE,CHEMBL388978,2737
238095,PAX2,5076,NCI,,AG 490,CHEMBL56543,2846
238144,PDE1A,5136,GuideToPharmacologyInteractions,inhibitor,VINPOCETINE,CHEMBL71752,2885
238146,PDE1A,5136,TTD,inhibitor,VINPOCETINE,CHEMBL71752,2885
238151,PDE1C,5137,GuideToPharmacologyInteractions,inhibitor,VINPOCETINE,CHEMBL71752,2885
238284,PDE4B,5142,TdgClinicalTrial,,CAFFEINE,CHEMBL113,2694
238305,PDE4B,5142,TEND,,CAFFEINE,CHEMBL113,2694
238316,PDE4B,5142,TdgClinicalTrial,,RESVERATROL,CHEMBL165,2699
238360,PDE4D,5144,TdgClinicalTrial,,RESVERATROL,CHEMBL165,2699
238381,PDE7A,5150,GuideToPharmacologyInteractions,inhibitor,BRL50481,CHEMBL484928,2838
238687,PDPK1,5170,NCI,,CELECOXIB,CHEMBL118,2831
238688,PDYN,5173,NCI,,MORPHINE,CHEMBL70,2975
238690,PECAM1,5175,NCI,,RESVERATROL,CHEMBL165,2699
238692,PER1,5187,NCI,,MORPHINE,CHEMBL70,2975
238693,PER1,5187,NCI,,MELATONIN,CHEMBL45,2802
238754,PGR,5241,NCI,,RAPAMYCIN,CHEMBL413,2819
238793,PGR,5241,ChemblInteractions,agonist,DANAZOL,CHEMBL1479,2906
238823,ABCB1,5243,NCI,,DIMETHYL SULFOXIDE,CHEMBL504,2768
238830,ABCB1,5243,NCI,,CURCUMIN,CHEMBL116438,2715
238835,ABCB1,5243,NCI,,FENOFIBRATE,CHEMBL672,2833
238836,ABCB1,5243,NCI,,DOXYCYCLINE,CHEMBL1433,2733
238838,ABCB1,5243,NCI,,TRICHOSTATIN A,CHEMBL99,2778
238847,ABCB1,5243,NCI,,SIROLIMUS,CHEMBL413,2819
238872,ABCB1,5243,NCI,,SIMVASTATIN,CHEMBL1064,2790
238873,ABCB1,5243,NCI,,VITAMIN E,CHEMBL47,2791
238884,ABCB1,5243,NCI,,GREEN TEA POLYPHENOLS,CHEMBL297453,3061
238896,ABCB1,5243,NCI,,CYCLOSPORINE,CHEMBL160,2839
238915,ABCB4,5244,NCI,,CYCLOSPORINE,CHEMBL160,2839
238923,ABCB4,5244,TTD,inhibitor,CURCUMIN I,CHEMBL116438,2715
238928,PHEX,5251,NCI,,VITAMIN D,,2801
238932,PHKG2,5261,GuideToPharmacologyInteractions,inhibitor,STAUROSPORINE,CHEMBL388978,2737
238950,PIK3C2A,5286,MyCancerGenome,inhibitor,SOPHORETIN,CHEMBL50,2835
238977,PIK3C2B,5287,MyCancerGenome,inhibitor,SOPHORETIN,CHEMBL50,2835
238988,PIK3C2G,5288,MyCancerGenome,inhibitor,SOPHORETIN,CHEMBL50,2835
239014,PIK3C3,5289,MyCancerGenome,inhibitor,SOPHORETIN,CHEMBL50,2835
239022,PIK3CA,5290,CIViC,,RAPAMYCIN (SIROLIMUS),CHEMBL413,2819
239057,PIK3CA,5290,CIViC,,EVEROLIMUS,CHEMBL1908360,2855
239059,PIK3CA,5290,CKB,,Trametinib,CHEMBL2103875,2922
239060,PIK3CA,5290,NCI,,RAPAMYCIN,CHEMBL413,2819
239118,PIK3CA,5290,GuideToPharmacologyInteractions,inhibitor,LY 294002,CHEMBL98350,2815
239130,PIK3CA,5290,CKB,,Sirolimus,CHEMBL413,2819
239137,PIK3CA,5290,CKB,,LY294002,CHEMBL98350,2815
239200,PIK3CA,5290,NCI,,RESVERATROL,CHEMBL165,2699
239214,PIK3CA,5290,OncoKB,,Everolimus,CHEMBL1908360,2855
239220,PIK3CA,5290,CGI,,Everolimus,CHEMBL1908360,2855
239243,PIK3CA,5290,GuideToPharmacologyInteractions,inhibitor,WORTMANNIN,CHEMBL428496,2973
239265,PIK3CA,5290,MyCancerGenome,inhibitor,SOPHORETIN,CHEMBL50,2835
239284,PIK3CA,5290,ClearityFoundationBiomarkers,,EVEROLIMUS,CHEMBL1908360,2855
239312,PIK3CA,5290,CKB,,Metformin,CHEMBL1431,2696
239318,PIK3CA,5290,CKB,,Everolimus,CHEMBL1908360,2855
239325,PIK3CA,5290,NCI,,QUERCETIN,CHEMBL50,2835
239372,PIK3CB,5291,MyCancerGenome,inhibitor,SOPHORETIN,CHEMBL50,2835
239419,PIK3CB,5291,GuideToPharmacologyInteractions,inhibitor,LY 294002,CHEMBL98350,2815
239421,PIK3CB,5291,NCI,,QUERCETIN,CHEMBL50,2835
239493,PIM1,5292,NCI,,RAPAMYCIN,CHEMBL413,2819
239522,PIK3CD,5293,GuideToPharmacologyInteractions,inhibitor,LY 294002,CHEMBL98350,2815
239602,PIK3CD,5293,MyCancerGenome,inhibitor,SOPHORETIN,CHEMBL50,2835
239695,PIK3CG,5294,GuideToPharmacologyInteractions,inhibitor,LY 294002,CHEMBL98350,2815
239727,PIK3CG,5294,NCI,,MELATONIN,CHEMBL45,2802
239752,PIK3CG,5294,NCI,,SIMVASTATIN,CHEMBL1064,2790
239754,PIK3CG,5294,MyCancerGenome,inhibitor,SOPHORETIN,CHEMBL50,2835
239760,PIK3CG,5294,NCI,,CYCLOSPORIN A,CHEMBL160,2839
239772,PIK3CG,5294,TTD,inhibitor,LY294002,CHEMBL98350,2815
239853,PIK3R1,5295,MyCancerGenome,inhibitor,SOPHORETIN,CHEMBL50,2835
239904,PIK3R2,5296,MyCancerGenome,inhibitor,SOPHORETIN,CHEMBL50,2835
239926,PI4KA,5297,GuideToPharmacologyInteractions,inhibitor,WORTMANNIN,CHEMBL428496,2973
239928,PI4KB,5298,GuideToPharmacologyInteractions,inhibitor,WORTMANNIN,CHEMBL428496,2973
239964,PLA2G2A,5320,NCI,,VITAMIN C,CHEMBL196,3196
239968,PLA2G2A,5320,NCI,,CORTISONE,CHEMBL111861,2817
240006,PLAU,5328,NCI,,NORDIHYDROGUAIARETIC ACID,CHEMBL52,2700
240013,PLAU,5328,NCI,,RAPAMYCIN,CHEMBL413,2819
240023,PLAU,5328,NCI,,OESTRADIOL,CHEMBL135,2958
240031,PLAU,5328,NCI,,GELDANAMYCIN,CHEMBL278315,2978
240036,PLAU,5328,NCI,,CELECOXIB,CHEMBL118,2831
240039,PLAU,5328,NCI,,TRICHOSTATIN A,CHEMBL99,2778
240069,PLG,5340,NCI,,DANAZOL,CHEMBL1479,2906
240072,PLG,5340,NCI,,PD-98059,CHEMBL35482,2780
240099,PLG,5340,NCI,,INOSITOL,CHEMBL1222251,2853
240108,PLG,5340,NCI,,GENISTEIN,CHEMBL44,2777
240138,PLK1,5347,NCI,,WORTMANNIN,CHEMBL428496,2973
240163,PLTP,5360,NCI,,VITAMIN E,CHEMBL47,2791
240164,PLTP,5360,NCI,,ALPHA-TOCOPHEROL,CHEMBL47,2791
240165,PLTP,5360,NCI,,SIMVASTATIN,CHEMBL1064,2790
240214,POLG,5428,FDA,,Valproic Acid,CHEMBL109,2736
240215,POU5F1,5460,NCI,,ETHANOL,CHEMBL545,2687
240216,PPA1,5464,NCI,,ETHANOL,CHEMBL545,2687
240226,PPARA,5465,TEND,,BEZAFIBRATE,CHEMBL264374,2904
240229,PPARA,5465,TdgClinicalTrial,,BEZAFIBRATE,CHEMBL264374,2904
240233,PPARA,5465,TTD,agonist,BEZAFIBRATE,CHEMBL264374,2904
240234,PPARA,5465,GuideToPharmacologyInteractions,agonist,FENOFIBRATE,CHEMBL672,2833
240237,PPARA,5465,GuideToPharmacologyInteractions,agonist,CLOFIBRATE,CHEMBL565,2859
240247,PPARA,5465,ChemblInteractions,agonist,FENOFIBRATE,CHEMBL672,2833
240248,PPARA,5465,TEND,,CLOFIBRATE,CHEMBL565,2859
240250,PPARA,5465,GuideToPharmacologyInteractions,agonist,BEZAFIBRATE,CHEMBL264374,2904
240255,PPARA,5465,TdgClinicalTrial,,CLOFIBRATE,CHEMBL565,2859
240258,PPARA,5465,TdgClinicalTrial,,FENOFIBRATE,CHEMBL672,2833
240261,PPARA,5465,TTD,agonist,FENOFIBRATE,CHEMBL672,2833
240285,PPARA,5465,ChemblInteractions,agonist,CLOFIBRATE,CHEMBL565,2859
240286,PPARA,5465,TEND,,FENOFIBRATE,CHEMBL672,2833
240293,PPARD,5467,NCI,,ETHANOL,CHEMBL545,2687
240323,PPARG,5468,GuideToPharmacologyInteractions,antagonist,RESVERATROL,CHEMBL165,2699
240360,PPARG,5468,TTD,agonist,GENISTEIN,CHEMBL44,2777
240440,PPIA,5478,GuideToPharmacologyInteractions,inhibitor,CYCLOSPORIN A,CHEMBL160,2839
240441,PPIA,5478,TTD,binder,L-PROLINE,CHEMBL54922,2834
240444,PPIA,5478,ChemblInteractions,modulator,CYCLOSPORINE,CHEMBL160,2839
240447,PPIB,5479,TTD,binder,L-PROLINE,CHEMBL54922,2834
240448,PPIB,5479,NCI,,CYCLOSPORIN A,CHEMBL160,2839
240454,PPP3R2,5535,TdgClinicalTrial,,CYCLOSPORINE A,CHEMBL160,2839
240455,PPP3R2,5535,TdgClinicalTrial,,CYCLOSPORINE,CHEMBL160,2839
240456,PPP3R2,5535,TEND,,CYCLOSPORINE,CHEMBL160,2839
240457,PPT1,5538,NCI,,LAMOTRIGINE,CHEMBL741,2850
240460,PPY,5539,NCI,,CORTISONE,CHEMBL111861,2817
240489,PRKAA1,5562,NCI,,THYROXINE,CHEMBL42115,2857
240491,PRKAA1,5562,TEND,,PHENFORMIN,CHEMBL170988,2771
240496,PRKAA1,5562,NCI,,RAPAMYCIN,CHEMBL413,2819
240498,PRKAA1,5562,TdgClinicalTrial,,PHENFORMIN,CHEMBL170988,2771
240502,PRKAB1,5564,TEND,,METFORMIN,CHEMBL1431,2696
240506,PRKAB1,5564,NCI,,WORTMANNIN,CHEMBL428496,2973
240507,PRKAB1,5564,TdgClinicalTrial,,METFORMIN,CHEMBL1431,2696
240511,PRKACB,5567,GuideToPharmacologyInteractions,inhibitor,STAUROSPORINE,CHEMBL388978,2737
240526,PRKCA,5578,MyCancerGenome,inhibitor,SOPHORETIN,CHEMBL50,2835
240562,PRKCB,5579,MyCancerGenome,inhibitor,SOPHORETIN,CHEMBL50,2835
240574,PRKCD,5580,NCI,,ETHANOL,CHEMBL545,2687
240586,PRKCD,5580,MyCancerGenome,inhibitor,SOPHORETIN,CHEMBL50,2835
240607,PRKCE,5581,MyCancerGenome,inhibitor,SOPHORETIN,CHEMBL50,2835
240619,PRKCG,5582,MyCancerGenome,inhibitor,SOPHORETIN,CHEMBL50,2835
240630,PRKCH,5583,CGI,,Trametinib,CHEMBL2103875,2922
240640,PRKCH,5583,MyCancerGenome,inhibitor,SOPHORETIN,CHEMBL50,2835
240642,PRKCI,5584,GuideToPharmacologyInteractions,inhibitor,STAUROSPORINE,CHEMBL388978,2737
240644,PRKCI,5584,MyCancerGenome,inhibitor,SOPHORETIN,CHEMBL50,2835
240651,PKN1,5585,GuideToPharmacologyInteractions,inhibitor,STAUROSPORINE,CHEMBL388978,2737
240653,PKN1,5585,MyCancerGenome,inhibitor,SOPHORETIN,CHEMBL50,2835
240658,PKN2,5586,MyCancerGenome,inhibitor,SOPHORETIN,CHEMBL50,2835
240660,PRKD1,5587,MyCancerGenome,inhibitor,SOPHORETIN,CHEMBL50,2835
240662,PRKD1,5587,NCI,,RESVERATROL,CHEMBL165,2699
240677,PRKCQ,5588,MyCancerGenome,inhibitor,SOPHORETIN,CHEMBL50,2835
240690,PRKCZ,5590,MyCancerGenome,inhibitor,SOPHORETIN,CHEMBL50,2835
240708,PRKDC,5591,GuideToPharmacologyInteractions,inhibitor,WORTMANNIN,CHEMBL428496,2973
240758,MAPK3,5595,NCI,,QUERCETIN,CHEMBL50,2835
240771,MAPK8,5599,GuideToPharmacologyInteractions,inhibitor,SP600125,CHEMBL1725279,2794
240779,MAPK8,5599,NCI,,DOXYCYCLINE,CHEMBL1433,2733
240791,MAPK8,5599,NCI,,ALPHA-TOCOPHEROL,CHEMBL47,2791
240802,MAPK8,5599,NCI,,BUTYLATED HYDROXYTOLUENE,CHEMBL146,2784
240821,MAPK11,5600,GuideToPharmacologyInteractions,inhibitor,SB203580,CHEMBL10,2762
240826,MAPK9,5601,GuideToPharmacologyInteractions,inhibitor,SP600125,CHEMBL1725279,2794
240850,MAPK10,5602,NCI,,PD-98059,CHEMBL35482,2780
240851,MAPK10,5602,NCI,,WORTMANNIN,CHEMBL428496,2973
240858,MAPK10,5602,NCI,,NORDIHYDROGUAIARETIC ACID,CHEMBL52,2700
240860,MAPK10,5602,NCI,,RAPAMYCIN,CHEMBL413,2819
240861,MAPK10,5602,GuideToPharmacologyInteractions,inhibitor,SP600125,CHEMBL1725279,2794
240880,MAP2K1,5604,CIViC,,TRAMETINIB,CHEMBL2103875,2922
240885,MAP2K1,5604,ClearityFoundationClinicalTrial,,TRAMETINIB,CHEMBL2103875,2922
240886,MAP2K1,5604,MyCancerGenome,inhibitor,TRAMETINIB,CHEMBL2103875,2922
240887,MAP2K1,5604,TdgClinicalTrial,,TRAMETINIB,CHEMBL2103875,2922
240909,MAP2K1,5604,TALC,inhibitor,TRAMETINIB,CHEMBL2103875,2922
240938,MAP2K1,5604,GuideToPharmacologyInteractions,inhibitor,TRAMETINIB,CHEMBL2103875,2922
240940,MAP2K1,5604,CKB,,Trametinib,CHEMBL2103875,2922
240959,MAP2K1,5604,OncoKB,,Trametinib,CHEMBL2103875,2922
240967,MAP2K1,5604,CGI,,Trametinib,CHEMBL2103875,2922
240975,MAP2K1,5604,CancerCommons,inhibitor,MEKINIST,CHEMBL2103875,2922
240980,MAP2K1,5604,MyCancerGenomeClinicalTrial,inhibitor,TRAMETINIB,CHEMBL2103875,2922
241009,MAP2K2,5605,ClearityFoundationClinicalTrial,,TRAMETINIB,CHEMBL2103875,2922
241015,MAP2K2,5605,TALC,inhibitor,TRAMETINIB,CHEMBL2103875,2922
241021,MAP2K2,5605,MyCancerGenomeClinicalTrial,inhibitor,TRAMETINIB,CHEMBL2103875,2922
241023,MAP2K2,5605,MyCancerGenome,inhibitor,TRAMETINIB,CHEMBL2103875,2922
241050,MAP2K2,5605,GuideToPharmacologyInteractions,inhibitor,TRAMETINIB,CHEMBL2103875,2922
241052,MAP2K3,5606,MyCancerGenomeClinicalTrial,inhibitor,TRAMETINIB,CHEMBL2103875,2922
241066,MAP2K5,5607,MyCancerGenomeClinicalTrial,inhibitor,TRAMETINIB,CHEMBL2103875,2922
241074,MAP2K6,5608,MyCancerGenomeClinicalTrial,inhibitor,TRAMETINIB,CHEMBL2103875,2922
241078,MAP2K6,5608,GuideToPharmacologyInteractions,inhibitor,STAUROSPORINE,CHEMBL388978,2737
241095,MAP2K7,5609,TTD,inhibitor,GSK1120212,CHEMBL2103875,2922
241101,MAP2K7,5609,MyCancerGenomeClinicalTrial,inhibitor,TRAMETINIB,CHEMBL2103875,2922
241127,PRL,5617,NCI,,BACITRACIN,CHEMBL1200558,3198
241132,PRL,5617,NCI,,ASCORBIC ACID,CHEMBL196,3196
241142,PRL,5617,NCI,,CALCIUM GLUCONATE,CHEMBL2106119,2982
241143,PRL,5617,NCI,,GENISTEIN,CHEMBL44,2777
241181,PRL,5617,NCI,,MELATONIN,CHEMBL45,2802
241520,PTEN,5728,ClearityFoundationBiomarkers,,EVEROLIMUS,CHEMBL1908360,2855
241521,PTEN,5728,CKB,,Metformin,CHEMBL1431,2696
241578,PTEN,5728,CIViC,,EVEROLIMUS,CHEMBL1908360,2855
241586,PTEN,5728,CKB,,Everolimus,CHEMBL1908360,2855
241612,PTEN,5728,CGI,,Sirolimus,CHEMBL413,2819
241630,PTEN,5728,CIViC,,LY294002,CHEMBL98350,2815
241641,PTEN,5728,CGI,,Everolimus,CHEMBL1908360,2855
241722,PTGER1,5731,NCI,,CAFFEINE,CHEMBL113,2694
241948,PTH,5741,NCI,,VITAMIN E,CHEMBL47,2791
241962,PTH,5741,NCI,,ASPIRIN,CHEMBL25,2688
241963,PTH,5741,NCI,,CALCIUM GLUCONATE,CHEMBL2106119,2982
241999,PTGS1,5742,GuideToPharmacologyInteractions,inhibitor,PARACETAMOL,CHEMBL112,2716
242011,PTGS1,5742,ChemblInteractions,inhibitor,ACETAMINOPHEN,CHEMBL112,2716
242019,PTGS1,5742,TEND,,ASPIRIN,CHEMBL25,2688
242026,PTGS1,5742,TdgClinicalTrial,,ACETYLSALICYLIC ACID,CHEMBL25,2688
242037,PTGS1,5742,ChemblInteractions,inhibitor,ASPIRIN,CHEMBL25,2688
242040,PTGS1,5742,GuideToPharmacologyInteractions,inhibitor,ASPIRIN,CHEMBL25,2688
242042,PTGS1,5742,TdgClinicalTrial,,SALICYLIC ACID,CHEMBL424,2897
242065,PTGS1,5742,TEND,,SALICYLIC ACID,CHEMBL424,2897
242070,PTGS1,5742,TdgClinicalTrial,,ACETAMINOPHEN,CHEMBL112,2716
242093,PTGS1,5742,TEND,,ACETAMINOPHEN,CHEMBL112,2716
242119,PTGS2,5743,TEND,,ACETAMINOPHEN,CHEMBL112,2716
242130,PTGS2,5743,TALC,inhibitor,CELECOXIB,CHEMBL118,2831
242141,PTGS2,5743,ChemblInteractions,inhibitor,ACETAMINOPHEN,CHEMBL112,2716
242145,PTGS2,5743,TEND,,SALICYLIC ACID,CHEMBL424,2897
242148,PTGS2,5743,TdgClinicalTrial,,CELECOXIB,CHEMBL118,2831
242156,PTGS2,5743,CIViC,,ASPIRIN,CHEMBL25,2688
242163,PTGS2,5743,TdgClinicalTrial,,ACETYLSALICYLIC ACID,CHEMBL25,2688
242172,PTGS2,5743,TdgClinicalTrial,,SALICYLIC ACID,CHEMBL424,2897
242187,PTGS2,5743,ChemblInteractions,inhibitor,ASPIRIN,CHEMBL25,2688
242216,PTGS2,5743,MyCancerGenomeClinicalTrial,inhibitor,CELECOXIB,CHEMBL118,2831
242221,PTGS2,5743,ChemblInteractions,inhibitor,CELECOXIB,CHEMBL118,2831
242222,PTGS2,5743,TTD,inhibitor,CELECOXIB,CHEMBL118,2831
242241,PTGS2,5743,NCI,,RESERPINE,CHEMBL772,2756
242257,PTGS2,5743,TdgClinicalTrial,,ACETAMINOPHEN,CHEMBL112,2716
242269,PTGS2,5743,TEND,,ASPIRIN,CHEMBL25,2688
242275,PTHLH,5744,NCI,,DIMETHYL SULFOXIDE,CHEMBL504,2768
242363,PTPN11,5781,CKB,,PD98059,CHEMBL35482,2780
242377,PTPRC,5788,NCI,,OESTRADIOL,CHEMBL135,2958
242390,PTPRZ1,5803,NCI,,VITAMIN D,,2801
242402,PZP,5858,NCI,,OESTRADIOL,CHEMBL135,2958
242453,RALA,5898,NCI,,VITAMIN E,CHEMBL47,2791
242457,RARA,5914,NCI,,DMSO,CHEMBL504,2768
242473,RARA,5914,NCI,,MELATONIN,CHEMBL45,2802
242585,RB1,5925,CKB,,Sirolimus,CHEMBL413,2819
242589,RB1,5925,CKB,,Trichostatin A,CHEMBL99,2778
242591,RB1,5925,CKB,,Trametinib,CHEMBL2103875,2922
242598,RB1,5925,CKB,,Everolimus,CHEMBL1908360,2855
242602,RBL2,5934,NCI,,RAPAMYCIN,CHEMBL413,2819
242631,RET,5979,CKB,,Everolimus,CHEMBL1908360,2855
242703,RET,5979,NCI,,GENISTEIN,CHEMBL44,2777
242756,BRD2,6046,GuideToPharmacologyInteractions,inhibitor,LY 294002,CHEMBL98350,2815
242774,ROCK1,6093,GuideToPharmacologyInteractions,inhibitor,FASUDIL,CHEMBL38380,2888
242784,RORA,6095,NCI,,MELATONIN,CHEMBL45,2802
242854,RPS6KB1,6198,NCI,,RAPAMYCIN,CHEMBL413,2819
242977,RYR1,6261,GuideToPharmacologyInteractions,activator,CAFFEINE,CHEMBL113,2694
242982,RYR2,6262,GuideToPharmacologyInteractions,activator,CAFFEINE,CHEMBL113,2694
242990,RYR3,6263,GuideToPharmacologyInteractions,activator,CAFFEINE,CHEMBL113,2694
243041,SCD,6319,NCI,,CLOFIBRATE,CHEMBL565,2859
243106,SCN1A,6323,ChemblInteractions,blocker,LAMOTRIGINE,CHEMBL741,2850
243117,SCN1A,6323,ChemblInteractions,blocker,QUINIDINE SULFATE,CHEMBL3707183,2921
243133,SCN2A,6326,TdgClinicalTrial,,LAMOTRIGINE,CHEMBL741,2850
243136,SCN2A,6326,ChemblInteractions,blocker,QUINIDINE SULFATE,CHEMBL3707183,2921
243184,SCN2A,6326,ChemblInteractions,blocker,LAMOTRIGINE,CHEMBL741,2850
243195,SCN3A,6328,ChemblInteractions,blocker,LAMOTRIGINE,CHEMBL741,2850
243235,SCN3A,6328,ChemblInteractions,blocker,QUINIDINE SULFATE,CHEMBL3707183,2921
243296,SCN4A,6329,ChemblInteractions,blocker,QUINIDINE SULFATE,CHEMBL3707183,2921
243297,SCN4A,6329,ChemblInteractions,blocker,LAMOTRIGINE,CHEMBL741,2850
243383,SCN5A,6331,ChemblInteractions,blocker,LAMOTRIGINE,CHEMBL741,2850
243440,SCN5A,6331,ChemblInteractions,blocker,QUINIDINE SULFATE,CHEMBL3707183,2921
243504,SCN7A,6332,ChemblInteractions,blocker,QUINIDINE SULFATE,CHEMBL3707183,2921
243521,SCN7A,6332,ChemblInteractions,blocker,LAMOTRIGINE,CHEMBL741,2850
243539,SCN8A,6334,ChemblInteractions,blocker,LAMOTRIGINE,CHEMBL741,2850
243572,SCN8A,6334,ChemblInteractions,blocker,QUINIDINE SULFATE,CHEMBL3707183,2921
243592,SCN9A,6335,ChemblInteractions,blocker,LAMOTRIGINE,CHEMBL741,2850
243632,SCN9A,6335,ChemblInteractions,blocker,QUINIDINE SULFATE,CHEMBL3707183,2921
243681,SCN10A,6336,ChemblInteractions,blocker,LAMOTRIGINE,CHEMBL741,2850
243740,SCN10A,6336,ChemblInteractions,blocker,QUINIDINE SULFATE,CHEMBL3707183,2921
243811,CCL4,6351,NCI,,CYCLOSPORIN A,CHEMBL160,2839
243830,CCL17,6361,NCI,,CICLOSPORIN,CHEMBL160,2839
243841,CCL17,6361,NCI,,LORATADINE,CHEMBL998,2845
243889,MAP2K4,6416,GuideToPharmacologyInteractions,inhibitor,STAUROSPORINE,CHEMBL388978,2737
243890,MAP2K4,6416,MyCancerGenomeClinicalTrial,inhibitor,TRAMETINIB,CHEMBL2103875,2922
243922,SHH,6469,NCI,,CAFFEINE,CHEMBL113,2694
243927,SI,6476,TEND,,ACARBOSE,CHEMBL1566,2807
243928,SI,6476,TdgClinicalTrial,,ACARBOSE,CHEMBL1566,2807
243935,SLC1A1,6505,NCI,,WORTMANNIN,CHEMBL428496,2973
243937,SLC1A1,6505,NCI,,ETHANOL,CHEMBL545,2687
243939,SLC1A1,6505,NCI,,STAUROSPORINE,CHEMBL388978,2737
243945,SLC1A2,6506,GuideToPharmacologyInteractions,,[3H]D-ASPARTIC ACID,,2840
243953,SLC1A3,6507,GuideToPharmacologyInteractions,,[3H]D-ASPARTIC ACID,,2840
243955,SLC1A5,6510,NCI,,GLUTAMINE,CHEMBL930,2865
243959,SLC1A6,6511,GuideToPharmacologyInteractions,,[3H]D-ASPARTIC ACID,,2840
243964,SLC1A7,6512,GuideToPharmacologyInteractions,,[3H]D-ASPARTIC ACID,,2840
243970,SLC2A1,6513,NCI,,GENISTEIN,CHEMBL44,2777
243990,SLC2A4,6517,NCI,,GREEN TEA EXTRACT,CHEMBL297453,2821
244000,SLC2A4,6517,NCI,,WORTMANNIN,CHEMBL428496,2973
244016,SLC2A4,6517,NCI,,SORBITOL,CHEMBL1682,2766
244021,SLC2A4,6517,NCI,,PD-98059,CHEMBL35482,2780
244027,SLC2A4,6517,NCI,,EGCG,CHEMBL297453,2821
244030,SLC2A4,6517,NCI,,ACARBOSE,CHEMBL1566,2807
244041,SLC2A4,6517,NCI,,RESVERATROL,CHEMBL165,2699
244047,SLC2A4,6517,NCI,,OESTRADIOL,CHEMBL135,2958
244048,SLC2A4,6517,NCI,,GENISTEIN,CHEMBL44,2777
244049,SLC2A4,6517,NCI,,STAUROSPORINE,CHEMBL388978,2737
244050,SLC2A4,6517,NCI,,CURCUMIN,CHEMBL116438,2715
244055,SLC2A4,6517,NCI,,CLOFIBRATE,CHEMBL565,2859
244149,SLC6A2,6530,TdgClinicalTrial,,AMOXAPINE,CHEMBL1113,2742
244182,SLC6A2,6530,TEND,,AMOXAPINE,CHEMBL1113,2742
244227,SLC6A2,6530,GuideToPharmacologyInteractions,inhibitor,AMOXAPINE,CHEMBL1113,2742
244234,SLC6A3,6531,NCI,,N-ACETYL-L-CYSTEINE,CHEMBL600,2761
244329,SLC6A4,6532,TEND,,AMOXAPINE,CHEMBL1113,2742
244330,SLC6A4,6532,TdgClinicalTrial,,AMOXAPINE,CHEMBL1113,2742
244373,SLC6A4,6532,GuideToPharmacologyInteractions,inhibitor,AMOXAPINE,CHEMBL1113,2742
244474,SLC10A1,6554,GuideToPharmacologyInteractions,inhibitor,CYCLOSPORIN A,CHEMBL160,2839
244573,SLC16A1,6566,NCI,,SODIUM BUTYRATE,CHEMBL62381,2887
244578,SLC18A1,6570,GuideToPharmacologyInteractions,inhibitor,RESERPINE,CHEMBL772,2756
244585,SLC18A2,6571,ChemblInteractions,inhibitor,RESERPINE,CHEMBL772,2756
244589,SLC18A2,6571,TEND,,RESERPINE,CHEMBL772,2756
244594,SLC18A2,6571,TTD,blocker,RESERPINE,CHEMBL772,2756
244596,SLC18A2,6571,TdgClinicalTrial,,RESERPINE,CHEMBL772,2756
244607,SLC18A2,6571,GuideToPharmacologyInteractions,inhibitor,RESERPINE,CHEMBL772,2756
244622,SLCO1A2,6579,GuideToPharmacologyInteractions,inhibitor,RIFAMYCIN SV,,2816
244624,SLCO1A2,6579,GuideToPharmacologyInteractions,inhibitor,RIFAMPICIN,CHEMBL374478,2706
244652,SMN1,6606,NCI,,PHENYLBUTYRATE,CHEMBL1469,2724
244656,SMN1,6606,NCI,,VALPROIC ACID,CHEMBL109,2736
244726,SPP1,6696,NCI,,SODIUM BUTYRATE,CHEMBL62381,2887
244728,SPP1,6696,NCI,,WORTMANNIN,CHEMBL428496,2973
244778,SRC,6714,NCI,,TYRPHOSTIN A9,CHEMBL78150,2849
244821,SRC,6714,CKB,,Trametinib,CHEMBL2103875,2922
244892,SST,6750,NCI,,ACETYLSALICYLIC ACID,CHEMBL25,2688
244895,SST,6750,NCI,,VALPROIC ACID,CHEMBL109,2736
245205,STK3,6788,GuideToPharmacologyInteractions,inhibitor,STAUROSPORINE,CHEMBL388978,2737
245314,STK11,6794,DoCM,,EVEROLIMUS,CHEMBL1908360,2855
245315,STK11,6794,CGI,,Phenformin,CHEMBL170988,2771
245320,STK11,6794,CKB,,Sirolimus,CHEMBL413,2819
245325,STK11,6794,CKB,,Metformin,CHEMBL1431,2696
245335,STK11,6794,CKB,,Trametinib,CHEMBL2103875,2922
245336,STK11,6794,CGI,,Everolimus,CHEMBL1908360,2855
245343,STK11,6794,CKB,,Everolimus,CHEMBL1908360,2855
245344,STK11,6794,CKB,,Phenformin,CHEMBL170988,2771
245442,SYP,6855,NCI,,DIMETHYL SULFOXIDE,CHEMBL504,2768
245443,SYP,6855,NCI,,MORPHINE,CHEMBL70,2975
245457,TAC1,6863,NCI,,RESERPINE,CHEMBL772,2756
245467,TAC1,6863,NCI,,LORATADINE,CHEMBL998,2845
245468,TAC1,6863,NCI,,WORTMANNIN,CHEMBL428496,2973
245645,TAT,6898,NCI,,GENISTEIN,CHEMBL44,2777
245658,TBXA2R,6915,NCI,,CYCLOSPORINE,CHEMBL160,2839
245690,TBXA2R,6915,NCI,,MORPHINE,CHEMBL70,2975
245723,TEC,7006,NCI,,INOSITOL,CHEMBL1222251,2853
245791,TFPI,7035,NCI,,FENOFIBRATE,CHEMBL672,2833
245810,TG,7038,NCI,,GENISTEIN,CHEMBL44,2777
245823,TG,7038,NCI,,ETHANOL,CHEMBL545,2687
245836,TGFB1,7040,NCI,,INOSITOL,CHEMBL1222251,2853
245840,TGFB1,7040,NCI,,VITAMIN E,CHEMBL47,2791
245844,TGFB1,7040,NCI,,GENISTEIN,CHEMBL44,2777
245856,TGFB1,7040,NCI,,MELATONIN,CHEMBL45,2802
245870,TGFB1,7040,NCI,,ALPHA-TOCOPHEROL,CHEMBL47,2791
245912,TGM2,7052,NCI,,RAPAMYCIN,CHEMBL413,2819
245936,TGM2,7052,NCI,,ETHANOL,CHEMBL545,2687
245942,TGM2,7052,NCI,,SODIUM BUTYRATE,CHEMBL62381,2887
245957,TH,7054,NCI,,DOXYCYCLINE,CHEMBL1433,2733
245964,TH,7054,TTD,binder,L-TYROSINE,CHEMBL925,2941
245972,TH,7054,NCI,,VITAMIN E,CHEMBL47,2791
245982,THBD,7056,NCI,,SIMVASTATIN,CHEMBL1064,2790
245984,THBD,7056,NCI,,LEVOTHYROXINE,CHEMBL1624,2857
245986,THBD,7056,NCI,,CURCUMIN,CHEMBL116438,2715
245991,THBS1,7057,NCI,,SIMVASTATIN,CHEMBL1064,2790
246011,THRA,7067,TdgClinicalTrial,,LEVOTHYROXINE,CHEMBL1624,2857
246014,THRA,7067,TTD,antagonist,LEVOTHYROXINE,,2857
246021,THRA,7067,ChemblInteractions,agonist,LEVOTHYROXINE SODIUM,CHEMBL2103741,2857
246022,THRA,7067,TEND,,LEVOTHYROXINE,CHEMBL1624,2857
246027,THRB,7068,TdgClinicalTrial,,LEVOTHYROXINE,CHEMBL1624,2857
246029,THRB,7068,ChemblInteractions,agonist,LEVOTHYROXINE SODIUM,CHEMBL2103741,2857
246033,THRB,7068,TEND,,LEVOTHYROXINE,CHEMBL1624,2857
246052,TJP1,7082,NCI,,GENISTEIN,CHEMBL44,2777
246053,TJP1,7082,NCI,,ETHANOL,CHEMBL545,2687
246076,TLR4,7099,NCI,,ETHANOL,CHEMBL545,2687
246087,TNF,7124,TTD,,CELASTROL,CHEMBL301982,2847
246100,TNF,7124,NCI,,FOLIC ACID,CHEMBL1622,2782
246158,TNF,7124,NCI,,NORDIHYDROGUAIARETIC ACID,CHEMBL52,2700
246220,TOP1,7150,NCI,,CAFFEINE,CHEMBL113,2694
246373,TP53,7157,CKB,,Trametinib,CHEMBL2103875,2922
246408,TP53,7157,NCI,,RAPAMYCIN,CHEMBL413,2819
246510,TP53,7157,CKB,,SP600125,CHEMBL1725279,2794
246537,TP53,7157,CKB,,Sirolimus,CHEMBL413,2819
246546,TP53,7157,NCI,,INOSITOL,CHEMBL1222251,2853
246569,TP73,7161,NCI,,EGCG,CHEMBL297453,2821
246593,TPM3,7170,NCI,,SIMVASTATIN,CHEMBL1064,2790
246643,TRPC1,7220,NCI,,CAFFEINE,CHEMBL113,2694
246672,TRPC5,7224,GuideToPharmacologyInteractions,activator,GENISTEIN,CHEMBL44,2777
246700,TRPM2,7226,GuideToPharmacologyInteractions,activator,NAD,CHEMBL1234613,2882
246712,TSC1,7248,OncoKB,,Everolimus,CHEMBL1908360,2855
246713,TSC1,7248,CIViC,,EVEROLIMUS,CHEMBL1908360,2855
246714,TSC1,7248,CIViC,,RAPAMYCIN (SIROLIMUS),CHEMBL413,2819
246715,TSC1,7248,CGI,,Everolimus,CHEMBL1908360,2855
246716,TSC2,7249,CGI,,Everolimus,CHEMBL1908360,2855
246717,TSC2,7249,CIViC,,EVEROLIMUS,CHEMBL1908360,2855
246718,TSC2,7249,OncoKB,,Everolimus,CHEMBL1908360,2855
246725,TSHB,7252,NCI,,VALPROIC ACID,CHEMBL109,2736
246733,TSHB,7252,NCI,,THYROXINE,CHEMBL42115,2857
246734,TSHB,7252,NCI,,LEVOTHYROXINE,CHEMBL1624,2857
246777,TUBA4A,7277,ChemblInteractions,inhibitor,VINCRISTINE SULFATE,CHEMBL501867,2923
246822,TUBB2A,7280,ChemblInteractions,inhibitor,VINCRISTINE SULFATE,CHEMBL501867,2923
246888,TYMS,7298,NCI,,RESERPINE,CHEMBL772,2756
246946,UGDH,7358,NCI,,ACETYLSALICYLIC ACID,CHEMBL25,2688
246982,VCAM1,7412,NCI,,CYCLOSPORINE,CHEMBL160,2839
246997,VDR,7421,NCI,,PD-98059,CHEMBL35482,2780
246999,VDR,7421,NCI,,STAUROSPORINE,CHEMBL388978,2737
247008,VDR,7421,ChemblInteractions,agonist,CHOLECALCIFEROL,CHEMBL1042,2801
247049,VDR,7421,TTD,binder,CHOLECALCIFEROL,CHEMBL1042,2801
247061,VDR,7421,NCI,,VITAMIN D,,2801
247067,VDR,7421,GuideToPharmacologyInteractions,agonist,LITHOCHOLIC ACID,CHEMBL1478,2690
247069,VDR,7421,NCI,,CAFFEINE,CHEMBL113,2694
247073,VEGFA,7422,NCI,,FENOFIBRATE,CHEMBL672,2833
247135,VHL,7428,CKB,,Everolimus,CHEMBL1908360,2855
247143,VHL,7428,CKB,,Trametinib,CHEMBL2103875,2922
247145,VHL,7428,CIViC,,EVEROLIMUS,CHEMBL1908360,2855
247168,VIM,7431,NCI,,GELDANAMYCIN,CHEMBL278315,2978
247169,VIM,7431,NCI,,DIMETHYL SULFOXIDE,CHEMBL504,2768
247250,TRPV1,7442,NCI,,WORTMANNIN,CHEMBL428496,2973
247274,TRPV1,7442,NCI,,RESERPINE,CHEMBL772,2756
247290,TRPV1,7442,NCI,,NDGA,,2700
247291,TRPV1,7442,ChemblInteractions,,ACETAMINOPHEN,CHEMBL112,2716
247308,VWF,7450,NCI,,N-ACETYLCYSTEINE,CHEMBL600,2761
247318,VWF,7450,NCI,,METHYLENE BLUE,CHEMBL191083,2981
247349,WT1,7490,NCI,,DMSO,CHEMBL504,2768
247351,WT1,7490,NCI,,RAPAMYCIN,CHEMBL413,2819
247352,WT1,7490,NCI,,CURCUMIN,CHEMBL116438,2715
247370,XDH,7498,NCI,,METHYLENE BLUE,CHEMBL191083,2981
247376,XDH,7498,NCI,,FOLIC ACID,CHEMBL1622,2782
247388,XDH,7498,NCI,,QUERCETIN,CHEMBL50,2835
247406,XRCC1,7515,NCI,,ALPHA-TOCOPHEROL,CHEMBL47,2791
247416,XRCC5,7520,NCI,,PHENYLBUTYRATE,CHEMBL1469,2724
247441,RNF112,7732,NCI,,ETHANOL,CHEMBL545,2687
247447,ALMS1,7840,GuideToPharmacologyInteractions,agonist,TAURINE,CHEMBL239243,2932
247448,ALMS1,7840,GuideToPharmacologyInteractions,agonist,GLYCINE,CHEMBL773,2936
247453,ALMS1,7840,GuideToPharmacologyInteractions,allosteric modulator,ETHANOL,CHEMBL545,2687
247469,TUBA1A,7846,ChemblInteractions,inhibitor,VINCRISTINE SULFATE,CHEMBL501867,2923
247547,ALDH5A1,7915,ChemblInteractions,inhibitor,VALPROIC ACID,CHEMBL109,2736
247580,BRD3,8019,GuideToPharmacologyInteractions,inhibitor,LY 294002,CHEMBL98350,2815
247602,COIL,8161,NCI,,EGCG,CHEMBL297453,2821
247622,BAP1,8314,CIViC,,TRICHOSTATIN A (TSA),,2778
247623,BAP1,8314,CIViC,,EVEROLIMUS,CHEMBL1908360,2855
247625,BAP1,8314,CIViC,,VALPROIC ACID,CHEMBL109,2736
247648,LOH19CR1,8378,NCI,,CYCLOSPORINE,CHEMBL160,2839
247719,PIK3R3,8503,MyCancerGenome,inhibitor,SOPHORETIN,CHEMBL50,2835
247768,BHLHE40,8553,NCI,,TRICHOSTATIN A,CHEMBL99,2778
247859,IRS2,8660,NCI,,ASPIRIN,CHEMBL25,2688
247895,RIPK1,8737,NCI,,RESVERATROL,CHEMBL165,2699
247903,TNFSF10,8743,NCI,,TRICHOSTATIN A,CHEMBL99,2778
247904,TNFSF10,8743,NCI,,SODIUM BUTYRATE,CHEMBL62381,2887
248022,HDAC3,8841,TALC,inhibitor,VALPROIC ACID,CHEMBL109,2736
248030,HDAC3,8841,GuideToPharmacologyInteractions,inhibitor,TRICHOSTATIN A,CHEMBL99,2778
248089,KAT2B,8850,GuideToPharmacologyInteractions,inhibitor,PLUMBAGIN,CHEMBL295316,2884
248095,KAT2B,8850,GuideToPharmacologyInteractions,inhibitor,EPIGALLOCATECHIN-3-GALLATE,CHEMBL297453,2821
248102,APLN,8862,NCI,,STAUROSPORINE,CHEMBL388978,2737
248117,CACNA1I,8911,ChemblInteractions,blocker,TRIMETHADIONE,CHEMBL695,2718
248133,CACNA1I,8911,ChemblInteractions,blocker,ETHOSUXIMIDE,CHEMBL696,2735
248138,CACNA1I,8911,TTD,blocker,ETHOSUXIMIDE,CHEMBL696,2735
248141,CACNA1I,8911,TTD,blocker,TRIMETHADIONE,CHEMBL695,2718
248155,CACNA1H,8912,ChemblInteractions,blocker,ETHOSUXIMIDE,CHEMBL696,2735
248157,CACNA1H,8912,ChemblInteractions,blocker,TRIMETHADIONE,CHEMBL695,2718
248161,CACNA1G,8913,ChemblInteractions,blocker,ETHOSUXIMIDE,CHEMBL696,2735
248166,CACNA1G,8913,TdgClinicalTrial,,ETHOSUXIMIDE,CHEMBL696,2735
248179,CACNA1G,8913,TEND,,ETHOSUXIMIDE,CHEMBL696,2735
248180,CACNA1G,8913,TEND,,TRIMETHADIONE,CHEMBL695,2718
248182,CACNA1G,8913,TdgClinicalTrial,,TRIMETHADIONE,CHEMBL695,2718
248184,CACNA1G,8913,ChemblInteractions,blocker,TRIMETHADIONE,CHEMBL695,2718
248190,MGAM,8972,TdgClinicalTrial,,ACARBOSE,CHEMBL1566,2807
248195,MGAM,8972,TTD,inhibitor,ACARBOSE,CHEMBL1566,2807
248196,MGAM,8972,TEND,,ACARBOSE,CHEMBL1566,2807
248286,AIFM1,9131,NCI,,CYCLOSPORIN A,CHEMBL160,2839
248327,TMSB10,9168,NCI,,MELATONIN,CHEMBL45,2802
248330,LPAR2,9170,NCI,,CAFFEINE,CHEMBL113,2694
248333,LPAR2,9170,NCI,,MORPHINE,CHEMBL70,2975
248522,ASIC3,9311,GuideToPharmacologyInteractions,channel blocker,ASPIRIN,CHEMBL25,2688
248526,ASIC3,9311,GuideToPharmacologyInteractions,channel blocker,SALICYLIC ACID,CHEMBL424,2897
248534,ASIC3,9311,GuideToPharmacologyInteractions,activator,AGMATINE,CHEMBL58343,2858
248558,ADIPOQ,9370,NCI,,FENOFIBRATE,CHEMBL672,2833
248573,CYP7B1,9420,NCI,,ACETAMINOPHEN,CHEMBL112,2716
248588,ABCG2,9429,NCI,,FOLIC ACID,CHEMBL1622,2782
248591,ABCG2,9429,GuideToPharmacologyInteractions,inhibitor,CYCLOSPORIN A,CHEMBL160,2839
248597,ABCG2,9429,NCI,,GENISTEIN,CHEMBL44,2777
248599,ABCG2,9429,NCI,,SIROLIMUS,CHEMBL413,2819
248603,ABCG2,9429,NCI,,CICLOSPORIN,CHEMBL160,2839
248606,ABCG2,9429,NCI,,CYCLOSPORIN A,CHEMBL160,2839
248647,ROCK2,9475,GuideToPharmacologyInteractions,inhibitor,FASUDIL,CHEMBL38380,2888
248664,SPTLC2,9517,GuideToPharmacologyInteractions,inhibitor,MYRIOCIN,CHEMBL55076,2984
248666,GDF15,9518,NCI,,RESVERATROL,CHEMBL165,2699
248752,HDAC9,9734,GuideToPharmacologyInteractions,inhibitor,TRICHOSTATIN A,CHEMBL99,2778
248761,HDAC9,9734,TdgClinicalTrial,,VALPROIC ACID,CHEMBL109,2736
248765,HDAC9,9734,TALC,inhibitor,VALPROIC ACID,CHEMBL109,2736
248788,HDAC4,9759,GuideToPharmacologyInteractions,inhibitor,TRICHOSTATIN A,CHEMBL99,2778
248811,HDAC4,9759,TALC,inhibitor,VALPROIC ACID,CHEMBL109,2736
248901,AKT3,10000,MyCancerGenomeClinicalTrial,inhibitor,EVEROLIMUS,CHEMBL1908360,2855
248965,HDAC6,10013,GuideToPharmacologyInteractions,inhibitor,TRICHOSTATIN A,CHEMBL99,2778
248995,HDAC5,10014,GuideToPharmacologyInteractions,inhibitor,TRICHOSTATIN A,CHEMBL99,2778
248997,HDAC5,10014,TALC,inhibitor,VALPROIC ACID,CHEMBL109,2736
249028,HCN4,10021,GuideToPharmacologyInteractions,channel blocker,IVABRADINE,CHEMBL471737,2964
249276,TUBA1B,10376,ChemblInteractions,inhibitor,VINCRISTINE SULFATE,CHEMBL501867,2923
249286,TUBB3,10381,ChemblInteractions,inhibitor,VINCRISTINE SULFATE,CHEMBL501867,2923
249314,TUBB4B,10383,ChemblInteractions,inhibitor,VINCRISTINE SULFATE,CHEMBL501867,2923
249390,SLCO1B1,10599,GuideToPharmacologyInteractions,inhibitor,RIFAMYCIN SV,,2816
249391,SLCO1B1,10599,NCI,,CLOFIBRATE,CHEMBL565,2859
249394,SLCO1B1,10599,NCI,,FENOFIBRATE,CHEMBL672,2833
249400,SLCO1B1,10599,GuideToPharmacologyInteractions,inhibitor,RIFAMPICIN,CHEMBL374478,2706
249407,SLCO1B1,10599,GuideToPharmacologyInteractions,inhibitor,CYCLOSPORIN A,CHEMBL160,2839
249433,PTGES3,10728,NCI,,GENISTEIN,CHEMBL44,2777
249441,STAG2,10735,CKB,,Trametinib,CHEMBL2103875,2922
249524,ME3,10873,NCI,,ASPIRIN,CHEMBL25,2688
249663,SCN11A,11280,ChemblInteractions,blocker,LAMOTRIGINE,CHEMBL741,2850
249693,SCN11A,11280,ChemblInteractions,blocker,QUINIDINE SULFATE,CHEMBL3707183,2921
249752,TNIK,23043,GuideToPharmacologyInteractions,inhibitor,STAUROSPORINE,CHEMBL388978,2737
249772,CIC,23152,CIViC,,TRAMETINIB,CHEMBL2103875,2922
249787,MGA,23269,ChemblInteractions,inhibitor,ACARBOSE,CHEMBL1566,2807
249815,SIRT1,23411,TTD,binder,SRT501,,2699
249816,SIRT1,23411,GuideToPharmacologyInteractions,activator,SRT1720,CHEMBL257991,2946
249847,BRD4,23476,GuideToPharmacologyInteractions,inhibitor,LY 294002,CHEMBL98350,2815
249848,BRD4,23476,NCI,,TRICHOSTATIN A,CHEMBL99,2778
249873,PIK3R5,23533,MyCancerGenome,inhibitor,SOPHORETIN,CHEMBL50,2835
249999,PRKD3,23683,MyCancerGenome,inhibitor,SOPHORETIN,CHEMBL50,2835
250004,BHMT2,23743,ChemblInteractions,,BETAINE HYDROCHLORIDE,CHEMBL1201130,2942
250031,PRKD2,25865,MyCancerGenome,inhibitor,SOPHORETIN,CHEMBL50,2835
250079,PDE7B,27115,GuideToPharmacologyInteractions,inhibitor,BRL50481,CHEMBL484928,2838
250124,EML4,27436,CKB,,Sirolimus,CHEMBL413,2819
250141,SLCO1B3,28234,GuideToPharmacologyInteractions,inhibitor,RIFAMYCIN SV,,2816
250144,SLCO1B3,28234,GuideToPharmacologyInteractions,inhibitor,RIFAMPICIN,CHEMBL374478,2706
250149,SLCO1B3,28234,GuideToPharmacologyInteractions,inhibitor,CYCLOSPORIN A,CHEMBL160,2839
250198,TRPM5,29850,GuideToPharmacologyInteractions,channel blocker,SPERMINE,CHEMBL23194,2985
250208,PKN3,29941,MyCancerGenome,inhibitor,SOPHORETIN,CHEMBL50,2835
250243,PIK3R4,30849,MyCancerGenome,inhibitor,SOPHORETIN,CHEMBL50,2835
250311,SDF4,51150,NCI,,ETHANOL,CHEMBL545,2687
250426,HDAC7,51564,GuideToPharmacologyInteractions,inhibitor,TRICHOSTATIN A,CHEMBL99,2778
250446,HDAC7,51564,TALC,inhibitor,VALPROIC ACID,CHEMBL109,2736
250469,GHRL,51738,NCI,,CELECOXIB,CHEMBL118,2831
250582,UGT1A7,54577,NCI,,CURCUMIN,CHEMBL116438,2715
250598,UGT1A9,54600,NCI,,VITAMIN C,CHEMBL196,3196
250600,UGT1A4,54657,NCI,,ETHANOL,CHEMBL545,2687
250604,UGT1A4,54657,NCI,,ACETAMINOPHEN,CHEMBL112,2716
250633,TRPM4,54795,GuideToPharmacologyInteractions,channel blocker,SPERMINE,CHEMBL23194,2985
250652,ANO1,55107,GuideToPharmacologyInteractions,channel blocker,TANNIC ACID,CHEMBL506247,2836
250666,SLC6A15,55117,GuideToPharmacologyInteractions,inhibitor,LORATADINE,CHEMBL998,2845
250672,PBRM1,55193,CGI,,Everolimus,CHEMBL1908360,2855
250683,FBXW7,55294,CKB,,Sirolimus,CHEMBL413,2819
250684,FBXW7,55294,CGI,,Sirolimus,CHEMBL413,2819
250691,FBXW7,55294,CIViC,,RAPAMYCIN (SIROLIMUS),CHEMBL413,2819
250694,SPTLC3,55304,GuideToPharmacologyInteractions,inhibitor,MYRIOCIN,CHEMBL55076,2984
250707,DDX43,55510,CIViC,,TRAMETINIB,CHEMBL2103875,2922
250768,HDAC8,55869,GuideToPharmacologyInteractions,inhibitor,TRICHOSTATIN A,CHEMBL99,2778
250797,HDAC8,55869,TALC,inhibitor,VALPROIC ACID,CHEMBL109,2736
250931,DIABLO,56616,NCI,,RESVERATROL,CHEMBL165,2699
250933,DIABLO,56616,NCI,,STAUROSPORINE,CHEMBL388978,2737
251063,HCN3,57657,GuideToPharmacologyInteractions,channel blocker,IVABRADINE,CHEMBL471737,2964
251170,TSPYL2,64061,NCI,,SODIUM BUTYRATE,CHEMBL62381,2887
251253,CYP3A43,64816,NCI,,SHO-SAIKO-TO,,2719
251254,CYP3A43,64816,NCI,,MELATONIN,CHEMBL45,2802
251267,MARCKSL1,65108,NCI,,STAUROSPORINE,CHEMBL388978,2737
251393,COL18A1,80781,NCI,,GLUTAMINE,CHEMBL930,2865
251394,COL18A1,80781,NCI,,ASPIRIN,CHEMBL25,2688
251397,COL18A1,80781,NCI,,VITAMIN E,CHEMBL47,2791
251404,COL18A1,80781,NCI,,CELECOXIB,CHEMBL118,2831
251405,COL18A1,80781,NCI,,VITAMIN C,CHEMBL196,3196
251415,TUBB1,81027,ChemblInteractions,inhibitor,VINCRISTINE SULFATE,CHEMBL501867,2923
251560,TUBB6,84617,ChemblInteractions,inhibitor,VINCRISTINE SULFATE,CHEMBL501867,2923
251590,TUBA1C,84790,ChemblInteractions,inhibitor,VINCRISTINE SULFATE,CHEMBL501867,2923
251624,HIST3H2A,92815,NCI,,TRICHOSTATIN A,CHEMBL99,2778
251642,CGB5,93659,NCI,,METHYLENE BLUE,CHEMBL191083,2981
251644,CGB5,93659,NCI,,PD-98059,CHEMBL35482,2780
251645,CGB5,93659,NCI,,DANAZOL,CHEMBL1479,2906
251649,MUC16,94025,NCI,,CYCLOSPORINE,CHEMBL160,2839
251656,MUC16,94025,NCI,,SODIUM BUTYRATE,CHEMBL62381,2887
251678,TUBA3E,112714,ChemblInteractions,inhibitor,VINCRISTINE SULFATE,CHEMBL501867,2923
251721,TUBA3D,113457,ChemblInteractions,inhibitor,VINCRISTINE SULFATE,CHEMBL501867,2923
251736,GNRHR2,114814,TdgClinicalTrial,,DANAZOL,CHEMBL1479,2906
251740,GNRHR2,114814,TEND,,DANAZOL,CHEMBL1479,2906
251857,SP7,121340,NCI,,ASCORBIC ACID,CHEMBL196,3196
251858,HIST4H4,121504,NCI,,TRICHOSTATIN A,CHEMBL99,2778
251886,GPR139,124274,GuideToPharmacologyInteractions,agonist,L-TRYPTOPHAN,CHEMBL54976,2896
252024,PIK3R6,146850,MyCancerGenome,inhibitor,SOPHORETIN,CHEMBL50,2835
252034,GPBAR1,151306,GuideToPharmacologyInteractions,agonist,LITHOCHOLIC ACID,CHEMBL1478,2690
252174,FLCN,201163,CGI,,Everolimus,CHEMBL1908360,2855
252199,TUBB,203068,ChemblInteractions,inhibitor,VINCRISTINE SULFATE,CHEMBL501867,2923
252205,HIPK1,204851,GuideToPharmacologyInteractions,inhibitor,STAUROSPORINE,CHEMBL388978,2737
252207,SLC36A1,206358,GuideToPharmacologyInteractions,inhibitor,L-TRYPTOPHAN,CHEMBL54976,2896
252217,NAPEPLD,222236,NCI,,ETHANOL,CHEMBL545,2687
252226,GPRC6A,222545,GuideToPharmacologyInteractions,agonist,GLYCINE,CHEMBL773,2936
252227,GPRC6A,222545,GuideToPharmacologyInteractions,agonist,L-ARGININE,CHEMBL1485,2875
252229,GPRC6A,222545,GuideToPharmacologyInteractions,agonist,L-SERINE,CHEMBL11298,2809
252231,GPRC6A,222545,GuideToPharmacologyInteractions,agonist,L-ORNITHINE,CHEMBL446143,2952
252232,GPRC6A,222545,GuideToPharmacologyInteractions,agonist,L-GLUTAMINE,CHEMBL930,2865
252233,GPRC6A,222545,GuideToPharmacologyInteractions,agonist,L-LYSINE,,2950
252381,ATXN1L,342371,CIViC,,TRAMETINIB,CHEMBL2103875,2922
252409,TUBB8,347688,ChemblInteractions,inhibitor,VINCRISTINE SULFATE,CHEMBL501867,2923
252425,TUBB2B,347733,ChemblInteractions,inhibitor,VINCRISTINE SULFATE,CHEMBL501867,2923
252440,HCN1,348980,GuideToPharmacologyInteractions,channel blocker,IVABRADINE,CHEMBL471737,2964
252529,SFTPA1,653509,NCI,,TRICHOSTATIN A,CHEMBL99,2778
252535,CCR2,729230,NCI,,MORPHINE,CHEMBL70,2975
252564,CCR2,729230,NCI,,SIMVASTATIN,CHEMBL1064,2790